gsw-9d61b6d8a5a0299cd634d642160dc383	0	POS000001	1
gsw-51960b7a531ba3ad7f9350411c5228ea	0	POS000002	1
gsw-b71be08125d8853b8f3502a1338661aa	0	POS000003	1
gsw-2c4aa372d5a511f7733d6bd2d19f811f	0	POS000004	1
gsw-2a3697013b042a8b04e04860b4e4a62e	0	POS000005	1
gsw-87630bab7e8c245ff10c3b49b0edcdb5	0	POS000006	1
gsw-fef25a7114ca7d44043a27551b7666b4	0	POS000007	1
gsw-3cc876b6929ae2dd455bf5e55cefc3fd	0	POS000008	1
gsw-6b70bdab3f50c1dd1ce39eb5250fb421	0	POS000009	1
gsw-f7be423f10fd8954e0d9d6a25b543fad	0	POS000010	1
gsw-79e43647583121d275e357da325ee55b	0	POS000011	1
gsw-5455cfc675fa872910deaf8ab0caa5df	0	POS000012	1
gsw-79e43647583121d275e357da325ee55b	0	POS000013	1
gsw-4d3e2c005e6499069f44d5966b839327	0	POS000014	1
gsw-bcf8588f4d248a38ccfd4ec30eb61094	0	POS000015	1
gsw-94aea715c95d64058c186250399a18a0	0	POS000016	1
gsw-4911ad4b8218d2aa62b735a67de2357e	0	POS000017	1
gsw-9360b7402821bffca48e07c474ee2b6f	0	POS000018	1
gsw-de1aa214e0c593b1fc02358ffdc6602a	0	POS000019	1
gsw-34d425da1a12cc5aab3e3badeb482955	0	POS000020	1
gsw-a7eae52d43f33ffec5233be2c6a28126	0	POS000021	1
gsw-9ffe7940ead721125ffcca40c5c53a2a	0	POS000022	1
gsw-9d61b6d8a5a0299cd634d642160dc383	0	POS000023	1
gsw-a4626488d356a15c5fa6edb21dbe65ea	0	POS000024	1
gsw-f49acdcb16153494b5e6ad3e7934cf24	0	POS000025	1
gsw-acae5b8017b2216d7ef3725863364ec0	0	POS000026	1
gsw-f228a72dd442556fc2512d808b87503b	0	POS000027	1
gsw-d8372c45dbaf003ea8fc735df96b213d	0	POS000028	1
gsw-a5e1aa0c1bfb86dfdb48d6e5894d23c2	0	POS000029	1
gsw-6eab246a4fd534c06a7bedc40529d6eb	0	POS000030	1
gsw-474b1cb8c4f664a41722347625f0e31d	0	POS000031	1
gsw-320483ffcc92a62476503be50187cf7a	0	POS000032	1
gsw-026a503a7b0f55a656639b47a5603ce7	0	POS000033	1
gsw-0e056c7ab38bbf6200fc6ea05c1350c5	0	POS000034	1
gsw-70a2720a982f9f1288ae2a9d969af7f7	0	POS000035	1
gsw-ebc3c4679ee550b9c6aa3dabe29f8d2d	0	POS000036	1
gsw-751b451858a802d03b8e749de9c3550a	0	POS000037	1
gsw-4aaa90340dd890f756da231e41ae89e6	0	POS000038	1
gsw-6a2256e25b8d77621caf2f3fcfcc980b	0	POS000039	1
gsw-fbae5d128606ec79c522d1419eb4c8d1	0	POS000040	1
gsw-b43450a7374f9cbcd98f526989a52986	0	POS000041	1
gsw-c58da93d426d8cb325d3dc8a2241e111	0	POS000042	1
gsw-3a2cd1cebb1880fc054a76ebfcf1310c	0	POS000043	1
gsw-0acd856acf70c1147196a9999452b375	0	POS000044	1
gsw-917b7271d9919d12c22ee49f0c3c315d	0	POS000045	1
gsw-0d825ae1fff9049629b079933901c536	0	POS000046	1
gsw-0abdc3c2037229e920545dfc37f80a92	0	POS000047	1
gsw-a127f15517e2e8255ad0a929de2896ef	0	POS000048	1
gsw-c97fd7d5b4f45d284d6611800757a187	0	POS000049	1
gsw-c89929d0528e1a7f3260eaa5101f7985	0	POS000050	1
gsw-0625b333ecc1d68b40d4d3322a5b662c	0	POS000051	1
gsw-17460bf40c3c7c718e050ab75ecb64f7	0	POS000052	1
gsw-b35ca7d03bedb70bebf63fe25f537ec6	0	POS000053	1
gsw-03686bc9b503ba250c4cce2a994471f4	0	POS000054	1
gsw-1386a7d12cd2eedae45d91bc58da1de7	0	POS000055	1
gsw-522857de571293c7db61085c2f8c661c	0	POS000056	1
gsw-482cc96654251d2fe8ebed4f888d6ff8	0	POS000057	1
gsw-be39d2f8be3a17e0f81da82b927dd5fa	0	POS000058	1
gsw-2fc2ae3fa1ec1518eca205bef26c22dd	0	POS000059	1
gsw-024717c87f535b0ea3390d26f6b70150	0	POS000060	1
gsw-9bba660f2cc03f8772f75e77ff84ddc8	0	POS000061	1
gsw-fecb6e0721bc96f54f1cdffceda5e159	0	POS000062	1
gsw-767ad964ff3da2213041bef7bba9ab74	0	POS000063	1
gsw-236a11e6d1fad51bef293a420e58db5e	0	POS000064	1
gsw-5c535645bb4d8ed1e9a04cb2b456601d	0	POS000065	1
gsw-be45eafaf43be9dff0305dd41a0f1e39	0	POS000066	1
gsw-507d8ee03d64c78d950b144c304971aa	0	POS000067	1
gsw-62e061c0b2649479d271ec9a1f76ae36	0	POS000068	1
gsw-3e2b5328e7359aa2bdf88f3c93f56666	0	POS000069	1
gsw-e303e36352dec0bcc40bf6a89b23eee7	0	POS000070	1
gsw-7a15edb3b39bf8ab458484c7a058c0f2	0	POS000071	1
gsw-95840d0b29410710762b813372273048	0	POS000072	1
gsw-3c2bfea23a2e8b0887dc9ca430e8bd42	0	POS000073	1
gsw-2d8473b6c41cafca4bc6b3953a595dbb	0	POS000074	1
gsw-edd27fbeade173421af1ff8964db6ff2	0	POS000075	1
gsw-22ebc6191cc8e1f1b992fb5c93c703a8	0	POS000076	1
gsw-282060e26a3c0684a7638d869d4607c8	0	POS000077	1
gsw-85aacbd85ce728fe07d3d0db1d867e01	0	POS000078	1
gsw-68e3961f6f20286258f8ab52b50c077b	0	POS000079	1
gsw-2f9ff7a031f12e8858702ecba4503128	0	POS000080	1
gsw-2aa18589a066613421034c4c2a0b359e	0	POS000081	1
gsw-8b62eef2da73a25c14b2e6c1daa1b169	0	POS000082	1
gsw-b4cafc3441cc6c3769bb23e8d62e9eb3	0	POS000083	1
gsw-2452ef072ec0a3fbc72c8912ce420cd6	0	POS000084	1
gsw-4522c5e8952d00f319478410d4e0b63f	0	POS000085	1
gsw-29a301d8f9fd5980ce94151de74bf4ef	0	POS000086	1
gsw-5a51c3b9f82975b859e3d9e40c9bdf40	0	POS000087	1
gsw-55610774b5bc2a84de166e6e399f70a6	0	POS000088	1
gsw-cdd38090d6bd4599a0481042f247d5bd	0	POS000089	1
gsw-a3dc33f81542323b6a7b1132ba6e1227	0	POS000090	1
gsw-df8a1fcedbb56647603f3bba6ba1a3c4	0	POS000091	1
gsw-6b42b3d91b4f5c1e32701ae27a64cf57	0	POS000092	1
gsw-5b3ebdab80de7c5413cab3a92d79c1b5	0	POS000093	1
gsw-bad5016047b72da17aa92ea98965ee41	0	POS000094	1
gsw-5b30c2ec02f9471ce2e9ae57084153fc	0	POS000095	1
gsw-292eb6389a6bc4e208abcf42605a8c08	0	POS000096	1
gsw-c3f1dfcf62b80c3b451b289de34db295	0	POS000097	1
gsw-31325370913f7c8a82276914026ddfec	0	POS000098	1
gsw-76fbc43a63bca9f0cee898fc7ee5ae17	0	POS000099	1
gsw-26cfc9fcb862374fc8db79c7aeb8204d	0	POS000100	1
gsw-19ad4abfa8039ed752eab32300f5dc06	0	POS000101	1
gsw-f7680233196ecfae38b2549d5860fb23	0	POS000102	1
gsw-292eb6389a6bc4e208abcf42605a8c08	0	POS000103	1
gsw-76e30c351d082cdda2639c00020b8e0b	0	POS000104	1
gsw-6bd61aa1b2c4eee12632dc75f516ff0a	0	POS000105	1
gsw-41fbc8ce8bfb1f101aa279b599ccddf4	0	POS000106	1
gsw-1e65511926ce70f83462705fbd82e476	0	POS000107	1
gsw-75a18968ef6ccc6c17ae5a13e4e8d7dd	0	POS000108	1
gsw-292eb6389a6bc4e208abcf42605a8c08	0	POS000109	1
gsw-bbf90a364f86c9feadbf811b14c6f189	0	POS000110	1
gsw-3b970eda7dd5a13f4c808f0d2cf206ee	0	POS000111	1
gsw-866db0facc62a345bd912e6a80104796	0	POS000112	1
gsw-62d97b82e238c4c299ac215b86350132	0	POS000113	1
gsw-ba266e32b080cfe4340c2efc3f390b36	0	POS000114	1
gsw-39563f462b72b314d429efd09e290ee9	0	POS000115	1
gsw-4fd9c9f65a1e8a74d8099971a1e842b7	0	POS000116	1
gsw-e0d8b3b0a638751ca5929a2f99f14be3	0	POS000117	1
gsw-eadb1425dd11d72ec86c359e9c2c859c	0	POS000118	1
gsw-668d0635d239040d6ac48bba93581b87	0	POS000119	1
gsw-b597c4f3f592e329fb6f21628950c23b	0	POS000120	1
gsw-27201207b5054d526cc24a6bd57c0ec7	0	POS000121	1
gsw-2bed58fa61f4e39bdd292b05943df107	0	POS000122	1
gsw-21ad495345e3e6aeec7148101ab8ad62	0	POS000123	1
gsw-12609b0288dfdd2143ef4796a9aa0f71	0	POS000124	1
gsw-99d90e8c7d8e55ca32e971d3579665a3	0	POS000125	1
gsw-73f51ec0bf88c952912e725eb1343a00	0	POS000126	1
gsw-bd402fc62d131b51eaf70c2556efc459	0	POS000127	1
gsw-459c50acb51f932fbab4bc8c9389b915	0	POS000128	1
gsw-69030a4d38fae66874335c9211874608	0	POS000129	1
gsw-51584fcc76a47347d4cd3f0683f03d59	0	POS000130	1
gsw-26d8fe24c15aede1cc9718aaff576fd5	0	POS000131	1
gsw-86134701f4262713e1091fe35b37c648	0	POS000132	1
gsw-55a465770bcddf79482c79c6c7ad6a0c	0	POS000133	1
gsw-1640bd6264c533854b621d6d9215206d	0	POS000134	1
gsw-32e8685a857bd71db753057240c132dd	0	POS000135	1
gsw-e3f58f786ecb919d666620ab486196a3	0	POS000136	1
gsw-b7e33388feeb94067c204a9c64807662	0	POS000137	1
gsw-ce70a0675dac9b8945f8ded7ffcd7e64	0	POS000138	1
gsw-0a8a172c36c99ef0b702ace35094cfa9	0	POS000139	1
gsw-0b4f6025bde6182874a8aa68bfdc1ab9	0	POS000140	1
gsw-01264944ad7f329d5bb32191fc86d987	0	POS000141	1
gsw-71e81c51d0a41f68dc0c609f6c0135fa	0	POS000142	1
gsw-137f8e743e1ec857d2b5d252b054dce2	0	POS000143	1
gsw-c22ddf312e064cc3c7a361b8268f391d	0	POS000144	1
gsw-f24e724bb08bc1dba8ff6563e8bf8b91	0	POS000145	1
gsw-bf17a02c13a1d88b8ff7e98338a8d336	0	POS000146	1
gsw-c50228f4a7154474f977f4553ed1ac04	0	POS000147	1
gsw-fd94ef1925edb9216d3a98d42a0212d2	0	POS000148	1
gsw-fd94ef1925edb9216d3a98d42a0212d2	0	POS000149	1
gsw-56b8bd7d4052c241955895eaaa48359d	0	POS000150	1
gsw-893d8d7d69f12783e15962e8ea5323d5	0	POS000151	1
gsw-5f14324cd1637b67865ca129dd74d6ef	0	POS000152	1
gsw-4725435751bbd0106c1a8765674f9f88	0	POS000153	1
gsw-ad9a8814345b2247fed60bda09c3937d	0	POS000154	1
gsw-509102eed71b3bb346c32fed29359e2c	0	POS000155	1
gsw-4b90dfd559cece719c3da917604b7691	0	POS000156	1
gsw-1602d711182d233818c955174366d896	0	POS000157	1
gsw-9b37895d575bf73021a2ce48a9c801cc	0	POS000158	1
gsw-108325b8bf6eaaf5511a6523a2206c84	0	POS000159	1
gsw-91746107029bf60266f2c224a5b15fbf	0	POS000160	1
gsw-6ee8154ab287d842a91fe8614f1c50ba	0	POS000161	1
gsw-fbf6ea6c813e6b4cce06780d184f094f	0	POS000162	1
gsw-e9be5854fc46a588280fe321c449adfa	0	POS000163	1
gsw-35a33f61ec4b342808c60522198363e4	0	POS000164	1
gsw-9fe2f0b508233ab2867f0a15c7a21af2	0	POS000165	1
gsw-bb49b6be91ae9065e4a3e89e6ebc6274	0	POS000166	1
gsw-20ac51898535f81a360e6b9b6893ae6b	0	POS000167	1
gsw-08e04f6c98961500cc6cba435beadd3e	0	POS000168	1
gsw-c1d67f00b24da204b52fb7a08928b654	0	POS000169	1
gsw-55f2fdc18879dfcf74e724fdc85674c3	0	POS000170	1
gsw-d6ebcb608db697a64e109f029a37f0d0	0	POS000171	1
gsw-d14c8b7b59164be7cffcc1997006bd91	0	POS000172	1
gsw-9f839f64b1e9c54d03bb3d88baaa9658	0	POS000173	1
gsw-8c4079176902fa7f21c9a90413a0373a	0	POS000174	1
gsw-9269c1dc2c5d3a61fb1e334cf1e8afcf	0	POS000175	1
gsw-726826c78e7af3b317567f1704a58c4c	0	POS000176	1
gsw-427dac51c5837cdc7d30f6df1a193158	0	POS000177	1
gsw-c0e8b53b27dddcea8d48e982a21e7f22	0	POS000178	1
gsw-1582cfcdf3c326ef4675ea044b399a59	0	POS000179	1
gsw-fb6c87fe522c0114272d2355b827b4c2	0	POS000180	1
gsw-89d2ba824bba40ef889a4768ff3edbdf	0	POS000181	1
gsw-1092ddbafcbf87512b740bf21ef2e9f0	0	POS000182	1
gsw-b8500760ce52581e009636acc216202c	0	POS000183	1
gsw-e3d81b12509968743a6f5cd269b174e2	0	POS000184	1
gsw-6ef9e11c9f0264f7ca3ea91a7b7c0ea6	0	POS000185	1
gsw-aaabdb887c5f002c5321bcff92a3adfc	0	POS000186	1
gsw-6cacba4a31ffdfdd1c67100d6d563de2	0	POS000187	1
gsw-010d941806d8506190e27ac18145b994	0	POS000188	1
gsw-435b896bfde29212adbbb5a9543b9e24	0	POS000189	1
gsw-6f9f80c0fd0e9e07ffdf177b61717870	0	POS000190	1
gsw-a836c1c31b792e53347b415f06e0460c	0	POS000191	1
gsw-c56b0f89d7090e72453b09fee969c5de	0	POS000192	1
gsw-14b83459e0ed1dda46f8382bffd5abf7	0	POS000193	1
gsw-a1b5c13e0fa648016633f3a3603b0a02	0	POS000194	1
gsw-4d10bcc084431488c177a304b6ad58f1	0	POS000195	1
gsw-9aab12110cc342d84762da6a639ceee7	0	POS000196	1
gsw-ff3e8c105a51df2f1d9d0ef556b1fcf5	0	POS000197	1
gsw-1cc9fe74401ccb625e2a5f7e14d6349c	0	POS000198	1
gsw-6d901ef391f7a9af30c64e7eb2db201f	0	POS000199	1
gsw-dec6ba3183a1b330ac9337a15651179f	0	POS000200	1
gsw-0944ae5719ebac216347592b2a9a04ea	0	POS000201	1
gsw-d86fe5190bc05f86ceba959a17ea9d57	0	POS000202	1
gsw-8d4814e34d113fd04437c76f659323c9	0	POS000203	1
gsw-e1125c3557c8464beb2ca662cce93fee	0	POS000204	1
gsw-1fd8a03435ee1bfd37a5bb418e055e2d	0	POS000205	1
gsw-54a786ca6481111a1d1786dc5fda0522	0	POS000206	1
gsw-c89bcc5614165c22242e317cff2ef60f	0	POS000207	1
gsw-f7b55f2af5407c53978484af1c596f4b	0	POS000208	1
gsw-2e39b13e88b53b940c280e5a3fb38597	0	POS000209	1
gsw-784f284e9b8522a6feedd4b799eb24c3	0	POS000210	1
gsw-af55ad51fb30705f842f4d3c83f1da07	0	POS000211	1
gsw-ce4b893cfa50738353f58c4b6260f08f	0	POS000212	1
gsw-c5b4ee25ecee1eda7981db547a6f359f	0	POS000213	1
gsw-a929e562d5ba0709eed2be4ca5011cad	0	POS000214	1
gsw-358eb9aba3b5cc832758dc92fbed5ff2	0	POS000215	1
gsw-1abfe2548993902ab7dc753114e6772e	0	POS000216	1
gsw-ef3f3bbff4c81cbad274ed5aa759ba2a	0	POS000217	1
gsw-7ddbe5f324bed7900972d9ff0fa02fe0	0	POS000218	1
gsw-f00c3463d7bbf91d596b5c0eb1580f07	0	POS000219	1
gsw-0945fb6f737af2c4bdb07d345752735f	0	POS000220	1
gsw-76a8fcdb0e42fb3c5f13a442428f3572	0	POS000221	1
gsw-6e9fb973893be62645367cb6b9abb245	0	POS000222	1
gsw-ce6477c086e1134d07941825cda04e9c	0	POS000223	1
gsw-e8a88c295f366ad7c9cadf55f772b977	0	POS000224	1
gsw-1f41d947a3ae8f9179ae8b2ea604ef83	0	POS000225	1
gsw-1e616ffdd590bd50c095c27d674c0a97	0	POS000226	1
gsw-e1d708db19555c359efc9e71644b2fdc	0	POS000227	1
gsw-db3d6b20c15ceceb42f07dc5df6f4b51	0	POS000228	1
gsw-78439d9f4c1bddf474e2e92bf83dda0d	0	POS000229	1
gsw-b52cb0f72d9a604954d8833995443e1a	0	POS000230	1
gsw-54e8df3e9b0b780503ec4b9e5a1c7c62	0	POS000231	1
gsw-d1ec59347c887e333b914626c019e979	0	POS000232	1
gsw-c65f76755ccc421dc1a14df2b732783b	0	POS000233	1
gsw-4eb7123b20da80c6a2071e6e4f6e07e9	0	POS000234	1
gsw-e23704cce260883a3d3a0b6ebc96050c	0	POS000235	1
gsw-81a88197ec273a861ebcadafc405d4a1	0	POS000236	1
gsw-1fcdc745d3767fcf0c8ade419068b1ca	0	POS000237	1
gsw-6ccc5bb6c0c3d22d2c108420f0377d6b	0	POS000238	1
gsw-75daf9f096ce2a5bfa5f14cb8f694784	0	POS000239	1
gsw-74a0b35fe6a83c9ae063254e5506beca	0	POS000240	1
gsw-c98a1523f3bc8074a1cbe7e28e47e928	0	POS000241	1
gsw-fc87c8fc3ca502bad4ce94925f53ce32	0	POS000242	1
gsw-18c5fd3f44ce910a48357b74b482b6f1	0	POS000243	1
gsw-c9cd2686d3f02ba3c00f892a2ab0e6a7	0	POS000244	1
gsw-46e025471a2294a8246a5306edcb4171	0	POS000245	1
gsw-5dbb0c6451d2cdbbd4a667f5a3858c19	0	POS000246	1
gsw-a52bc23cd75fdc548c6d7a45bbfe1eb4	0	POS000247	1
gsw-974f7ffb11afdac3a00c4a3bb4cf6bdc	0	POS000248	1
gsw-a606b4a216039b0a96efb3ecf042f357	0	POS000249	1
gsw-3b580d1d757992ff69a7932f9a5627c0	0	POS000250	1
gsw-565c213a8df9625d8bab5e9edea258a6	0	POS000251	1
gsw-9819c10b5d9230a6e7323b34928488b6	0	POS000252	1
gsw-f358632f07bd69b9340d353904a8d432	0	POS000253	1
gsw-a08a3160a1999e3a75a44d69d59f9ab2	0	POS000254	1
gsw-501651faf96424ee1b5b31423814f4c4	0	POS000255	1
gsw-0e344f800e20b9316e814472855cc646	0	POS000256	1
gsw-73efd565f8a9ec27ffc145d06a14ef92	0	POS000257	1
gsw-c1876d0e53479cadf7b2c8beba10c12a	0	POS000258	1
gsw-90eac5d435debfa9b8bbff2b60ed4436	0	POS000259	1
gsw-1b4e603b06fcef3b66781e1c480b8614	0	POS000260	1
gsw-4fafb1ee671d710130498923250b0fb4	0	POS000261	1
gsw-b4bf36cc9414fce45768d53b5b0b4545	0	POS000262	1
gsw-b11292856eb4e1cc5712a865aa7b7e97	0	POS000263	1
gsw-e4fb86ce01be9e27c494affc4f9de966	0	POS000264	1
gsw-f0254d38bc33f50070445d8fc9b6308b	0	POS000265	1
gsw-7ce5ccb26b2746f779b632010d5961bc	0	POS000266	1
gsw-5112255e473ba6ff3f7ee20b1787de1f	0	POS000267	1
gsw-66f77cba31e007bf97251981b9462e2a	0	POS000268	1
gsw-a1669790554fa5f53138251be0071be6	0	POS000269	1
gsw-381efe8765140e2b8762a1838027e897	0	POS000270	1
gsw-8d839f73008714cb5b273cb816e230f5	0	POS000271	1
gsw-ea1f8b5ff09c0d250215d881064a9134	0	POS000272	1
gsw-eac199a2b1c70b08e77e914f5230dbcf	0	POS000273	1
gsw-9323858c12418d36ff64e2306e7b32bb	0	POS000274	1
gsw-0ecd7f9e8976ddc132065458e5cfada0	0	POS000275	1
gsw-3667ef277e537ea7f479087e0ea262f9	0	POS000276	1
gsw-d51bda54d5fdab1d2353146ee8f61132	0	POS000277	1
gsw-0d035cb4086f76eb5564f42ca9e876a4	0	POS000278	1
gsw-8c36d3faecae954a4c58879e7f609f28	0	POS000279	1
gsw-9d419d046795281fabf5c82b16ab513f	0	POS000280	1
gsw-9fc50612891fb9bb9485d48452466ec9	0	POS000281	1
gsw-49975cbfc4a9be0a833260619e5a86b0	0	POS000282	1
gsw-2856179175a0ddf24f3e625cf15318c6	0	POS000283	1
gsw-ebf5270528c52d7410a8664765b6e48a	0	POS000284	1
gsw-b938263417de8dd586cbba3bda6ecb16	0	POS000285	1
gsw-e8fa00864dc1e3fcc6d48eb81adf5aa4	0	POS000286	1
gsw-42661edb047e8f0a68941e8d88a0c14f	0	POS000287	1
gsw-bc095d63b005689179458a0eb4f33678	0	POS000288	1
gsw-965457b048c08a2572c001bfca247418	0	POS000289	1
gsw-727bcbea77472246049614b2d0c7f92e	0	POS000290	1
gsw-045917dff95d55a26ad70057ca3bdef5	0	POS000291	1
gsw-b4a2ae07623be4b0244a086dd23731ab	0	POS000292	1
gsw-79564e8ac31ce10159bce9d6244860f5	0	POS000293	1
gsw-bd3ffcafb74b952bba20f989f0e66e4c	0	POS000294	1
gsw-26fdb01c65537a9d3583b8a2ce019e7a	0	POS000295	1
gsw-ac02368e16d3647c0c87dd8e492e0311	0	POS000296	1
gsw-5e7c2faae07a5f63fcab1e9a4eca36e4	0	POS000297	1
gsw-c5232e0c7bce47be208f272875332992	0	POS000298	1
gsw-0e86c269c4897f3211d089190275ee3d	0	POS000299	1
gsw-975c2a27272a16a0d2bb5c50e9afd122	0	POS000300	1
gsw-62d141ac4f8a860630155a45b8a61afa	0	POS000301	1
gsw-b88a960412e0a7e0a16f86887bb7fb2e	0	POS000302	1
gsw-4d3707ffd00a6d62cbb259fa0747ff5b	0	POS000303	1
gsw-9bb1031ba9a242206318ffa78f65d8f9	0	POS000304	1
gsw-11dec4be47bfbcfb449f172dcbb31b5c	0	POS000305	1
gsw-954533e2d84ce22118e4cb0f0a78ede4	0	POS000306	1
gsw-bb2e5525f1d27b46e48846f760a3eab7	0	POS000307	1
gsw-e1148b336bbee552b8f2483a2c2db7a4	0	POS000308	1
gsw-46ade477549827517f110d4bf8f5cfda	0	POS000309	1
gsw-f9e441f5f6694cd0d01a5b817358f537	0	POS000310	1
gsw-8f2e22489654e7181e6cefaf4f2d551d	0	POS000311	1
gsw-c780890f6b2d729e82c99b9fab28bbf3	0	POS000312	1
gsw-6759627e3c9e80dac28da9d1281c3129	0	POS000313	1
gsw-b2f1cac0d9c57c21f4ccadbaa5a77b96	0	POS000314	1
gsw-445315dcb339015399bcbccea229ffd8	0	POS000315	1
gsw-b5cdec34c5a49342f5d94cce1dc0fc36	0	POS000316	1
gsw-dabe722198e1a848d36a9b263b1ed952	0	POS000317	1
gsw-12bdf83fd608b7fc0f3461332f241ad7	0	POS000318	1
gsw-025514cb70153fd53c798a34273fb670	0	POS000319	1
gsw-5c0616154bc7d5c4f1cff0c7a8fa41a3	0	POS000320	1
gsw-393fd32ea8cf428a71a06b8b00ac30d9	0	POS000321	1
gsw-bc2225a237ae1bcd39083f94ea56606f	0	POS000322	1
gsw-d7f801afe1874965b8448406fe3670d9	0	POS000323	1
gsw-789aaf532ee3d620e45f80b00fdbf219	0	POS000324	1
gsw-482a215b34906ab54150df8083e679d4	0	POS000325	1
gsw-132f0fac0540ed4f4ba4a29fa0550825	0	POS000326	1
gsw-2bd74a449a1f8f9b198686f4821e5014	0	POS000327	1
gsw-99d5fd6e4ace562bda1aba6a8b777be2	0	POS000328	1
gsw-9da889efc88f42f043f8761622e44c5f	0	POS000329	1
gsw-428a5c314b77a784891c0e9cd0d4880e	0	POS000330	1
gsw-7e5912b6f1a3edc117431f81b63c5fc0	0	POS000331	1
gsw-7e0e878967bc04d4d663e49e2f6e2a2b	0	POS000332	1
gsw-8c76cd9f8d52d371146fd1435ccd8cd0	0	POS000333	1
gsw-8656ad68ff071cc94d83190db63d0f7d	0	POS000334	1
gsw-81012acb4bfefc6130c69dd8fb25f7a3	0	POS000335	1
gsw-e83ca05255e9cabbc859036b60509345	0	POS000336	1
gsw-c7bc0cdd0bc2f5dc43804a1389c5ca0c	0	POS000337	1
gsw-17b6f5e205cc875999b737f9b124d3aa	0	POS000338	1
gsw-3f27abb5e77659207ee90fb44218dbef	0	POS000339	1
gsw-f40473365ec2d287a2165ffb3ccbc9ea	0	POS000340	1
gsw-4a88f42193225f48d0882d90bcf24e5c	0	POS000341	1
gsw-37681d313268b925abe312446a2c3929	0	POS000342	1
gsw-c1a5376db9af51c432d17abe83e3df8c	0	POS000343	1
gsw-c1a5376db9af51c432d17abe83e3df8c	0	POS000344	1
gsw-76f304a80078745c053aae0c4ece19c7	0	POS000345	1
gsw-40bdc303814634f8237fb001f0dc280f	0	POS000346	1
gsw-5b1b9f72034542ab859bbcf7f0e64459	0	POS000347	1
gsw-b8cdd6882716c5c5da9fbc68fb430b12	0	POS000348	1
gsw-119b472ecd5ab8afefec071370bb4344	0	POS000349	1
gsw-582c637b2018b200daa0b8ad0febb577	0	POS000350	1
gsw-dec1033d1aa327e4a9f2e5d893e0dfa9	0	POS000351	1
gsw-c3226b7bcd49fed2d411947be5c0c2c4	0	POS000352	1
gsw-b5fcca516f2ad703bb1a4de5dadc72ff	0	POS000353	1
gsw-06e64c4469600c6465a5d054ed7a54ca	0	POS000354	1
gsw-00c685e50113278b04f7c7d9a49bead7	0	POS000355	1
gsw-c25493a50dc87e0e3f34feaf7e492c79	0	POS000356	1
gsw-3f854cde1fc461eeb088fa547af9062e	0	POS000357	1
gsw-f0529e38c43d1e85596651e5ca6b395f	0	POS000358	1
gsw-fd4bebf94a7fdf118761e9cb4cb7ed2c	0	POS000359	1
gsw-8979dbc3a1e27acdcc36c739b2b6385e	0	POS000360	1
gsw-a4ac69cb6420603f1c2701003ec7be07	0	POS000361	1
gsw-20afbf8e274a207ef497567ad72d2a67	0	POS000362	1
gsw-14ae3139cf3937a13e965b93bee38011	0	POS000363	1
gsw-db774e59d06151b125f0452bf8066331	0	POS000364	1
gsw-506b01033fe6ab12da2c2beca12cb85b	0	POS000365	1
gsw-550e016ae2ec6b4dd041c68eae320ac0	0	POS000366	1
gsw-9b6f9510da7e8d81b50785e0ec4195ec	0	POS000367	1
gsw-b89d046115b06bb19e3be44b385fbe03	0	POS000368	1
gsw-bc3bcce83501d2789711aaff77cf2eed	0	POS000369	1
gsw-0270ef3fac53acab9ff14e46b8080881	0	POS000370	1
gsw-175c70c3ac757a4d5a515ec0da0abed5	0	POS000371	1
gsw-8151bfc585475d075f6edb3cacd320b2	0	POS000372	1
gsw-1fa38c9970f5f879e98d09a8a62d9813	0	POS000373	1
gsw-be22befbfc2586d3361bef207157842e	0	POS000374	1
gsw-34ad98bd0ec93e8358660aa3ce626e0a	0	POS000375	1
gsw-1a0517d1388a3672acbd551aab6c11e0	0	POS000376	1
gsw-af8f4ad5771ccc1034936d2cde81fd41	0	POS000377	1
gsw-a8ab114b12b98a42f6f029ab81eea154	0	POS000378	1
gsw-246b2d451d381ef34f1a9a0caaa0872c	0	POS000379	1
gsw-7e306fc2c284fa9503aaa07bb2c09372	0	POS000380	1
gsw-adb2057491968a4992d7429b2271f207	0	POS000381	1
gsw-ec756bb24835de9c207de7ad3f3fe05d	0	POS000382	1
gsw-fec83594245e2cb2b5b6cd43283aeed2	0	POS000383	1
gsw-fc860aee89992575e32a9255c72a9bea	0	POS000384	1
gsw-52e560c7e28804c708e6054ff485aef1	0	POS000385	1
gsw-751e154bac788d0590799b3a67501790	0	POS000386	1
gsw-4bf53dfbfc14311829f3ccb53e7a1819	0	POS000387	1
gsw-0d3ec433d299f1cac4d864dc2393c49e	0	POS000388	1
gsw-3fdf0774db2109615d8fbd42f32239ec	0	POS000389	1
gsw-dc049cecbed84feba3f41c4aa1789637	0	POS000390	1
gsw-9192d2f0993766b314f320b1096d5c9b	0	POS000391	1
gsw-a40e2f74484dd7ff692754b82805090e	0	POS000392	1
gsw-68c78c4ecbdd1c1618980531af710ca7	0	POS000393	1
gsw-bbcec29c6efbb888e3419c3e72b1958c	0	POS000394	1
gsw-20c33460ca0cbc5d6438184dff4bd352	0	POS000395	1
gsw-e8423ed9fd389a7438d2dfb02c7afb0a	0	POS000396	1
gsw-37505b06e66591c8d673bae75845d4fe	0	POS000397	1
gsw-a7b5ff71c26afca819053bd469c22b63	0	POS000398	1
gsw-92c177e40a9fd8e9b309ebc06233f3b5	0	POS000399	1
gsw-53ab4d0d2642a892a11d77f770108a2b	0	POS000400	1
gsw-b361e909871cded327f61569e7ca902f	0	POS000401	1
gsw-011c5eb266903ff4b8d53ae18eec6f1d	0	POS000402	1
gsw-1de3f99f9ab68fd188e92da5f8565ff5	0	POS000403	1
gsw-d19d9b3d4870fe1ba546f72906a825f1	0	POS000404	1
gsw-bc386a97bb219841e4ed92059d3f00fb	0	POS000405	1
gsw-2da8d66b24643db354beaa89bf41c520	0	POS000406	1
gsw-0082cf77a35cf5182c6933ba88d54190	0	POS000407	1
gsw-11f1e7ae87228e90c0b4fa99a221d64b	0	POS000408	1
gsw-7a2e0412739321ba2cfaf026a6bc0dff	0	POS000409	1
gsw-259b1b5c842d6b616b610af777ad5d2b	0	POS000410	1
gsw-770057e3ffac1e9f9fea35d9c0f2bd70	0	POS000411	1
gsw-888dab8865c8af1eb2ba712ef87cd6c6	0	POS000412	1
gsw-1d0ee8cde5f32020f311586f53f80a11	0	POS000413	1
gsw-8659fa17a6a622b310431b1c46091cf4	0	POS000414	1
gsw-947234436179a01edf3316e987c44ff7	0	POS000415	1
gsw-4157d571289db92f774ab57321bf8391	0	POS000416	1
gsw-671100b024504ce4802e7d3656a141d4	0	POS000417	1
gsw-deef748cca8e79b5617082bf0273becf	0	POS000418	1
gsw-7a870b2a4ff3fa41e9dc5233211ccead	0	POS000419	1
gsw-fd5fce29c43a283932b0962270fe90bd	0	POS000420	1
gsw-acbd51544f24943819962be4e9ebac48	0	POS000421	1
gsw-2dc0f101cf789098cefae34cdeaea068	0	POS000422	1
gsw-882fbfcf5672b5f8b2cf9230d4b127a8	0	POS000423	1
gsw-65fc2fc806e70dcc3356ee3f6cc1bc0f	0	POS000424	1
gsw-9787acfa378cc36c8b6c0dfd61bf5540	0	POS000425	1
gsw-c7e77cdab172f1691ad2ce0ffbfa83b5	0	POS000426	1
gsw-2947f5adca9df9d616bdc2e689b9c575	0	POS000427	1
gsw-c45080fc1c41d501453a98b30b36a412	0	POS000428	1
gsw-5365bda7d5aaf77656f721fc94a94ec4	0	POS000429	1
gsw-977b11b259f32d8e9e73420bd9c688b4	0	POS000430	1
gsw-cc128ccbadf755455ec76730f632087e	0	POS000431	1
gsw-386360eb92de4a004412192150860021	0	POS000432	1
gsw-f8d2acfa10af77f50e1f6e01ba09f33e	0	POS000433	1
gsw-320f0673609fc152e5e2078e5289e900	0	POS000434	1
gsw-0e72b8ad614087aa6c1e37be3918e18c	0	POS000435	1
gsw-f377aa681cf70ed72bcf9b5adf7dbab6	0	POS000436	1
gsw-9b8645a055f8cb86e61c8083ad2fd594	0	POS000437	1
gsw-edcea4fd79d92927ee949dbdb4c07d77	0	POS000438	1
gsw-cf16ffcc7c5d9b8c2eb3f444eddda00b	0	POS000439	1
gsw-9766a14977c86afd6d85b2b886ae286a	0	POS000440	1
gsw-a454f079ab46ef40f0db4011e4457541	0	POS000441	1
gsw-61b73c9961a461facb3f27b68b9426a5	0	POS000442	1
gsw-17439f12a9da921ccb0f9ebdebbeaccf	0	POS000443	1
gsw-a5f2bc877329111262dd66a604bf7536	0	POS000444	1
gsw-f79fb4d3d2dae850c938fbcd53bc7695	0	POS000445	1
gsw-da7b6758dc7b2e774a2d9a3eabd43f87	0	POS000446	1
gsw-05eacb7f3be4b9e5a83d8e0d9a9be495	0	POS000447	1
gsw-23471584c0cab75386db7efd74d39986	0	POS000448	1
gsw-e13e716c6a5b9d1f1288eea3bf0b3c2c	0	POS000449	1
gsw-e88d349a1e389c5d7fc096b88951d629	0	POS000450	1
gsw-e637d83dae5d50ccd27ddd6acad98332	0	POS000451	1
gsw-07c4fb90ffbcf58017abd0bf3eb6afc2	0	POS000452	1
gsw-50183bcc9fbde5f9e49b8dbed54e1a15	0	POS000453	1
gsw-498e87e61168be82f9b1fc887491639b	0	POS000454	1
gsw-26ee85e8ad954740504ac19cd45b58c2	0	POS000455	1
gsw-861d5ee1f8e0e87220f1ecf54832a365	0	POS000456	1
gsw-13116a09c15b0ba566c1a11f948de771	0	POS000457	1
gsw-1fd3b102659496d02e856481e95c76dc	0	POS000458	1
gsw-0e4be6d24e9a6c88d9478782b473a66c	0	POS000459	1
gsw-03c9f357197e755e05004e0171e7aa1f	0	POS000460	1
gsw-de909327150cbbbaff7a0de317e62653	0	POS000461	1
gsw-20e41c8e5f9ae3d22c0773db95f0d8dc	0	POS000462	1
gsw-24ffdcf74eb6e40154daa7682ad3677f	0	POS000463	1
gsw-94a1662b93b87b3c674e949f77edaadc	0	POS000464	1
gsw-b0f186eadd0204ca256eff9ae692b276	0	POS000465	1
gsw-9cfbc09ee0e834b8758eccb78fd3783e	0	POS000466	1
gsw-68a7919dd11dddea51e54c4fda4c0e7b	0	POS000467	1
gsw-21ba98871001936287373237a3ed2aa9	0	POS000468	1
gsw-4edddb26cb631033478c23832f83f03d	0	POS000469	1
gsw-5dbe3c3a7e5b833c729c7768977fbf58	0	POS000470	1
gsw-32d047fb610c54db41f1c2f2a2f03d0d	0	POS000471	1
gsw-eb0035bbcd20162ae2ac0fc447c240f2	0	POS000472	1
gsw-8581b1d2991800b3051b7e8866812fce	0	POS000473	1
gsw-7661f90567372cafa7b0ba54b8eb739e	0	POS000474	1
gsw-228748805b0db2e3d02068923c2a5d3b	0	POS000475	1
gsw-415644abb19480f4188520b5516b2013	0	POS000476	1
gsw-b27f8f45d6a93328e73072a6190d8b14	0	POS000477	1
gsw-f0073def5066bc22dbfd883dfbdafc5c	0	POS000478	1
gsw-eb4e2a2a113612c684fbc92317546407	0	POS000479	1
gsw-dbb1eee06ff1f398d59b7ead68f61ef4	0	POS000480	1
gsw-e9e3380ef44fe08827aa9f98f4de16df	0	POS000481	1
gsw-2ee56f6c4d0013791321b770efacc5a7	0	POS000482	1
gsw-9227cd546d565dab10e1274213d01da7	0	POS000483	1
gsw-c6481611585d856e94ea6868bf7e8f8c	0	POS000484	1
gsw-89af2a0b808c765883378b10cf8ccc5f	0	POS000485	1
gsw-af9b66db3a58c190c20bf212d2a691f8	0	POS000486	1
gsw-ce2933d47c4c5a683340a81897e0e32f	0	POS000487	1
gsw-bc2e3d67d4776d1a405b73bf80b7a460	0	POS000488	1
gsw-5db1d4bd27b4e812207c6228d832a8ee	0	POS000489	1
gsw-59b930d05c88ef0e1bbfe15b128cbea3	0	POS000490	1
gsw-5431f8ca76f03d3ebe6eaff2978e07ba	0	POS000491	1
gsw-96a689cb274fe8901c379605ab356697	0	POS000492	1
gsw-367f55784c79b9518f962f06e6736974	0	POS000493	1
gsw-d3a6069d5849b4bfba79855d539eaff2	0	POS000494	1
gsw-40bec13f2c4d50a12a8ddf1038fd441b	0	POS000495	1
gsw-5a25ca52e719c2e69ba42a3fd9107355	0	POS000496	1
gsw-473c11113bd11b0446285455975cb39b	0	POS000497	1
gsw-e525ebfa3d3a5a75b00962f8f0950fba	0	POS000498	1
gsw-9b31546259bdf873a513f3f375879288	0	POS000499	1
gsw-5050dfedab744e6683d992924be80529	0	POS000500	1
gsw-d8ab7ad27a2909b17faa26e3014f7632	0	POS000501	1
gsw-36f85b48993c50ac0a47092b5d313de5	0	POS000502	1
gsw-ea96ab1d01e5eef622b48f0ccfa7b145	0	POS000503	1
gsw-0556c7b90cfac522b46e7c1a7720badc	0	POS000504	1
gsw-769e806c276a4e2f4e2031a70a12ead4	0	POS000505	1
gsw-353de87d2250be128ae78f80376ff7f8	0	POS000506	1
gsw-dc708915792016cc9e6b77f5d0d912e2	0	POS000507	1
gsw-86b3f55588503c681226b55715161da7	0	POS000508	1
gsw-0739f1e9f0a80039b154469bea2a643f	0	POS000509	1
gsw-5e8869339b7aef84b1aa781f9d35e694	0	POS000510	1
gsw-f2fcc4d06806c903ab28ee970303e624	0	POS000511	1
gsw-231f0c13fdb3053df786294dca22cd78	0	POS000512	1
gsw-abb8f2524fda5a0c9b63f3971dd199c5	0	POS000513	1
gsw-a2000091096c2888c4c57d84bec6f3bd	0	POS000514	1
gsw-9ef999e5c83fab265d0d2965e7a4617e	0	POS000515	1
gsw-3435dc2816337d14b55503b034b91e25	0	POS000516	1
gsw-fb0c16a4fdbef5dd1cfef4eb00f75284	0	POS000517	1
gsw-486901c4275f8a5504f8ab3a4aa12def	0	POS000518	1
gsw-a07f1109c04318224ef2962a1a59f72b	0	POS000519	1
gsw-ac3b69dc4f3ab6c5ff38215dd748ca71	0	POS000520	1
gsw-a39fe43bdada2c6ca54342cec3f60ccf	0	POS000521	1
gsw-776ed99493cc5131075ab287c114401a	0	POS000522	1
gsw-a207c74e09f1090bbf44bf4791d3b830	0	POS000523	1
gsw-ca3f9408b8cd22b852d70ca428f536d2	0	POS000524	1
gsw-6279f0b135eb59bd8182d4e31e3d157a	0	POS000525	1
gsw-b059df4b7c9706e71f0f013d4b8a40fd	0	POS000526	1
gsw-104b2071477e11deac1ab137e18d60d2	0	POS000527	1
gsw-993fff61bf5cf66629228f133bc43d77	0	POS000528	1
gsw-28d94ff2b8ce689bea7d8715b76b7480	0	POS000529	1
gsw-6526b516909145f9c21c5d13deff5266	0	POS000530	1
gsw-d249a77120b03130009ff7e7956caf78	0	POS000531	1
gsw-5edbf413161bb460e07695cdcbf7e3ca	0	POS000532	1
gsw-0d742efed3a443a90c13bc298d2e1adc	0	POS000533	1
gsw-4b7cae4e2879b6eeb47a48dd20792d7c	0	POS000534	1
gsw-f5c49dec14d411dd58a4bf6a57045e9b	0	POS000535	1
gsw-e6327f755971cfbdf0620f0c6af7bc65	0	POS000536	1
gsw-4fc231033e6d77ffce8d5aa2f13cfd14	0	POS000537	1
gsw-b88e05ec80afe8e603314526991138ad	0	POS000538	1
gsw-b4e004aa085850386182cb2966654e7b	0	POS000539	1
gsw-d791ba794cdc1fa13c35db22ada1f04e	0	POS000540	1
gsw-bc6c1e142768276c29238cdcca5120f6	0	POS000541	1
gsw-b0c087f5ae9bc7205853c5505db3b8ed	0	POS000542	1
gsw-66aa5bb78453327e4523309d0b8d87f9	0	POS000543	1
gsw-9437107d22c2007d46765177f32d465e	0	POS000544	1
gsw-10d4b134b10f9022f0dcd7b3c13acefd	0	POS000545	1
gsw-560cf3f7e29d0ec6a1a3bdce681e65d9	0	POS000546	1
gsw-0f2d2146deede33ec1bc894a9925828a	0	POS000547	1
gsw-31dcb2a3983df6dedc28671313072d2f	0	POS000548	1
gsw-a1dd58bf3a1f3be4fbc0ae88b2790caf	0	POS000549	1
gsw-4877d2536db1e0d90ace20585c202cee	0	POS000550	1
gsw-00f775f3eb2f4aafa6f54340186e718e	0	POS000551	1
gsw-279936d045125745da57d5f5c0c2d27f	0	POS000552	1
gsw-b9ec35f08b7e9cbdcd85de45118e3d7d	0	POS000553	1
gsw-35ee9b5879ab776b3b154d6c509edf04	0	POS000554	1
gsw-14485ac48460c5a9b764260b43f594be	0	POS000555	1
gsw-ff68e95e5aef7e8cb41dce8fa9a2ca6a	0	POS000556	1
gsw-1091c8ec10e82384357123521d0d3b0f	0	POS000557	1
gsw-19be07180ff2f8420800de42081dacf3	0	POS000558	1
gsw-0066aad18b47a0ae4014481ca7f3611f	0	POS000559	1
gsw-869979c0e699527131168a6aa7ce3ce6	0	POS000560	1
gsw-13e021a9af888977e952830d64d1ef3b	0	POS000561	1
gsw-67eadc72002bc1b7e45e34143de73a66	0	POS000562	1
gsw-c4b348c7e94de43212a980ed77c53de6	0	POS000563	1
gsw-71333b3cb11172983fbc1e30e40769e3	0	POS000564	1
gsw-a7025234711273041f35982e07405a13	0	POS000565	1
gsw-aa23cd61a6902e5dc6f74280b8202c47	0	POS000566	1
gsw-a885077ce0fdf49a242b98e07701e848	0	POS000567	1
gsw-6f43d5e5b78368eb956eae5398342c1a	0	POS000568	1
gsw-8c998397b6eea1e08c9289c47f92133f	0	POS000569	1
gsw-fcc872845570f99d905f5840c21a0699	0	POS000570	1
gsw-dca5dfecb6ba253c8f94082467c70022	0	POS000571	1
gsw-305fa22e073e48fd28a72b2c443d11a2	0	POS000572	1
gsw-24704787cccfb1bd986df291d3986ebc	0	POS000573	1
gsw-cb4b07e5044a60be4c87ca2a505488f0	0	POS000574	1
gsw-e6ea36c26568f0ccfdab326600c47c01	0	POS000575	1
gsw-7cb8e7eb097e25dd29a04e365dce1fe5	0	POS000576	1
gsw-7a5d2c4f48866aafb71c31ef720cc8b5	0	POS000577	1
gsw-469bcfec0a101c9b1bdb3841e497cd5c	0	POS000578	1
gsw-fdc1a95cd7f6ce19351da61db0b77c02	0	POS000579	1
gsw-f7fe2a3a318a8b78bf60df2c5039a7d3	0	POS000580	1
gsw-576867efae3a7317794cbd23e4b4df2d	0	POS000581	1
gsw-576867efae3a7317794cbd23e4b4df2d	0	POS000582	1
gsw-cc6ebc2e516c66c3ce0491a53abfae8e	0	POS000583	1
gsw-54427fab10fd9651777f3227a8d46971	0	POS000584	1
gsw-698902eb4a9a06d8b7ee1b9aba5495b1	0	POS000585	1
gsw-761dd7576f77e69a7a60105ac735a580	0	POS000586	1
gsw-0eaeae1594ea0006d06a42c8114b7941	0	POS000587	1
gsw-affd3991e062190503b424583494a4e6	0	POS000588	1
gsw-97fe4145182f785c068ae7d43470ff15	0	POS000589	1
gsw-81c6e25fc0bcaf62c71300e8813c96d3	0	POS000590	1
gsw-cfaa041730ae9b006e0910fccf9db837	0	POS000591	1
gsw-37e33122c79556097a353451156e7c08	0	POS000592	1
gsw-5176de7e557516e817f62bb8c6e80a91	0	POS000593	1
gsw-d83433e6df172300b831aacbbbc424ca	0	POS000594	1
gsw-e6246aef9ffcbbd3780c57722e5a8835	0	POS000595	1
gsw-360e01e8c762b1fced1fbd494e8b7755	0	POS000596	1
gsw-a9a97c7757530c43ed7e022fac4160b3	0	POS000597	1
gsw-82c738498c51ea01b443ed9587bafcfc	0	POS000598	1
gsw-eccfceefb85badc2c78ee46ee2c5b2f1	0	POS000599	1
gsw-33213098a551a16f5c537813de870abe	0	POS000600	1
gsw-458f0f5f4bf84707b39dfc7242d10fd4	0	POS000601	1
gsw-6bb0679fbdd8e72afde9997a0c80f6a0	0	POS000602	1
gsw-8f4ce75b529fef709b6e06707c54f191	0	POS000603	1
gsw-7a48e400e56b5bf446a24c2ff0d469b8	0	POS000604	1
gsw-21b3bcdf4d8a9bfc0c77bf572d369588	0	POS000605	1
gsw-ae904b24f0d118b869680e24cd492f37	0	POS000606	1
gsw-eb46968a15d395f3ff8d69553ff0bbfe	0	POS000607	1
gsw-226fc3b7e48e7d9c7862bc9ea1986144	0	POS000608	1
gsw-2e14cb640b642e477c5a3916c6704af5	0	POS000609	1
gsw-3e841e585ad56ffb26f1dcf597fae91c	0	POS000610	1
gsw-1b99442017d77108c272d9ab55962e04	0	POS000611	1
gsw-eb94d917edb5f54c49a1d6d40274be91	0	POS000612	1
gsw-7ddc0a856419a5f3302a8a9c5a1ed576	0	POS000613	1
gsw-82077194acc5b310e737933b0d0f6ca0	0	POS000614	1
gsw-561e54dfce7da8e1e7a952d5516d2681	0	POS000615	1
gsw-157795f498743bad5e74c11931a4cee0	0	POS000616	1
gsw-7b70a98aca876c0184a14d1163fcbdb3	0	POS000617	1
gsw-2c57094ebaf3c80c2a38c2631a605cc8	0	POS000618	1
gsw-ce5c1dd9f48810ce646de5be296e4d50	0	POS000619	1
gsw-6955b99e861da5914a735c2e32b392d0	0	POS000620	1
gsw-e05b531b4118fcb00e5667723a1eddca	0	POS000621	1
gsw-e6cc424961147924c8eea8e352a0f13f	0	POS000622	1
gsw-c5dd5c98ae4c4973a6e37b85e4460512	0	POS000623	1
gsw-2f34e5b77871b55abef928dc11701725	0	POS000624	1
gsw-bd8a797ec31be7818c1277b83fc53e96	0	POS000625	1
gsw-4bb9c374d8ad633335a09daf271ee90f	0	POS000626	1
gsw-2f3e3aca78b36c983b10cbe017291dee	0	POS000627	1
gsw-a485f975a1bbb8a1301d826516fb5b5f	0	POS000628	1
gsw-c322e45d3532aef33d6c8bd18d970c72	0	POS000629	1
gsw-9676fe5e9cc09ce1603ab01d5cc5baad	0	POS000630	1
gsw-677426f356061536a6380502826541e6	0	POS000631	1
gsw-a89da9cbd3d3a5082489acaaaa0fcf5b	0	POS000632	1
gsw-e3d410bb6b977a4475d259b36f0dc5e3	0	POS000633	1
gsw-36a26650efa1fd8e3134e6a43412b0fd	0	POS000634	1
gsw-78f6d91155cac7e9f0406ab03927d011	0	POS000635	1
gsw-5287379bd3825d0793f05604c915a170	0	POS000636	1
gsw-66ce14a333f3f84cf8a127b1395b0db5	0	POS000637	1
gsw-cd457a40a8ab49275796f193137978ee	0	POS000638	1
gsw-eee9e4d03363a88fabd8ac7bd1c11e79	0	POS000639	1
gsw-29ebcedcbce6b3327d2047918501c6c2	0	POS000640	1
gsw-0360fe3c726c88bbab94b8961b023359	0	POS000641	1
gsw-70ebc034361f653a3012d6faaca0df6d	0	POS000642	1
gsw-a9df5dd992dea4dd3682ff6c627a0cad	0	POS000643	1
gsw-d837409338370b1bdc827ada5019fbe3	0	POS000644	1
gsw-90d26eca9640442348736b46e82432df	0	POS000645	1
gsw-4cd9a88f49d8e6f07039459244464f9a	0	POS000646	1
gsw-cc2e3920f52b4f95dadfc67a66288baf	0	POS000647	1
gsw-30d6ca5b8ef0d22559112251cbd6b76a	0	POS000648	1
gsw-be224fbb5d20de9a08e8e8e40a140806	0	POS000649	1
gsw-bf9e1f48cffa94cca0e2e0c7e41a074c	0	POS000650	1
gsw-45741e1a9bad47beb299d690c0d73cbc	0	POS000651	1
gsw-e3701259e732cbe316a54d955d459ed9	0	POS000652	1
gsw-b8fe341353d7a896a00d70cb6ac730ef	0	POS000653	1
gsw-875782eea5afbcc1fb6c6b3261661e74	0	POS000654	1
gsw-c5a97ab0601a53d7dedb90dfd0600aa6	0	POS000655	1
gsw-da6f8006d78527cf2acec26f0c88e000	0	POS000656	1
gsw-b8db321089c7a10d32da0ad22d4c4b14	0	POS000657	1
gsw-12ec99aa359182b2603aa84093a6a9fe	0	POS000658	1
gsw-da3b1d1a7847662207157bc6559f366e	0	POS000659	1
gsw-75d992cbb672958a05f9013b895740af	0	POS000660	1
gsw-e1518f8a360af548b6643444f8bf56af	0	POS000661	1
gsw-40a33b5fc65c336f76a0d6db7be1a0b8	0	POS000662	1
gsw-db46e462cdbff34459036094b894bc68	0	POS000663	1
gsw-c8462530829fdb5e75a16c895fe1b391	0	POS000664	1
gsw-bfb46f72def4d64c833f52498f6bf7dc	0	POS000665	1
gsw-9ecfb27327748f40367cb45c3152ff81	0	POS000666	1
gsw-85fe2ee187681fae26af218e831d44c6	0	POS000667	1
gsw-1ba4acf0fd9623bb78877725c3e351c6	0	POS000668	1
gsw-d663b251f4ea98b742760f080b2c577c	0	POS000669	1
gsw-0193d8a1fe71c35c59c7a90a42fcefda	0	POS000670	1
gsw-b7ef63d666394cf29da5e43d44877e43	0	POS000671	1
gsw-8db875ea2a87e997546f97cc1c3d587a	0	POS000672	1
gsw-5b0c0c7b457e60610361c5a785cb52f4	0	POS000673	1
gsw-a02c4b5b843809e88a42eeded3248de2	0	POS000674	1
gsw-8cc07b0699e5a98120eda44c295d5fb4	0	POS000675	1
gsw-1e3ed763de4b241c6eab53f0c1e819e5	0	POS000676	1
gsw-180313cddf41111d80f8d176c3aca6a2	0	POS000677	1
gsw-b9a84ebc47bbae010e817a424abd69f0	0	POS000678	1
gsw-e60e4bef3bc5c0f19a44b51f4ef46c18	0	POS000679	1
gsw-864ca45558aaaf6024ba9d32c4f0dfe6	0	POS000680	1
gsw-253db36edad19c3b997f71466377dcda	0	POS000681	1
gsw-24e25850f8c7fef0a38d246272c91d38	0	POS000682	1
gsw-aea05037fd3a6bf314f4a826665c522d	0	POS000683	1
gsw-f7aa039fe9b5b576427d83158b622343	0	POS000684	1
gsw-adb61490af9fa51d0f275818a7da0cc2	0	POS000685	1
gsw-ef10d89b9da301a1eefe8d915c8f55ad	0	POS000686	1
gsw-6e2ed93c05669c72e7a09867596c3c35	0	POS000687	1
gsw-c230f7359dc1f5d2dbae7c87aa14debe	0	POS000688	1
gsw-bc75962ff186f6206ee3ad7bb97dc5bf	0	POS000689	1
gsw-be547f51c0785db5f467df2c95d37371	0	POS000690	1
gsw-b757047117ff0cdba1688b77c0a019c5	0	POS000691	1
gsw-52b06f25e5e7e106669ee4532213e8e0	0	POS000692	1
gsw-453c4f19336e74b6d253427ee83875ad	0	POS000693	1
gsw-72192b7cb06daa9dd8af188eff9a13f9	0	POS000694	1
gsw-35064305a7afa0794b1f3111a804d252	0	POS000695	1
gsw-530435af7b2eacff698b0055a05c3542	0	POS000696	1
gsw-ed41997fa203874724bf006be5314c2f	0	POS000697	1
gsw-94615893581754b301b56fe8b55c1b9a	0	POS000698	1
gsw-c6b84d7c34126e2461e475d742ecbce1	0	POS000699	1
gsw-7236e5df5558fde33053937a4b85a47b	0	POS000700	1
gsw-b9a5a8be6685c8719bc661c3233d8aa9	0	POS000701	1
gsw-cce9956a80760a08679f602f2379c704	0	POS000702	1
gsw-b8dff2cb001ace7277d977ced2223320	0	POS000703	1
gsw-2fff4e13573a7be7e66dff1671384619	0	POS000704	1
gsw-ef791c1ba738c6f1d626a86e45ea386f	0	POS000705	1
gsw-f27e53823cb43ac7d869cc0e4eef2337	0	POS000706	1
gsw-e00a6f6db3158dcf105fc6f21f051438	0	POS000707	1
gsw-81f7964b929a8a0b84a985ae48892ad7	0	POS000708	1
gsw-25582fcd2675e223661b65a4e87aee31	0	POS000709	1
gsw-163cf77e466a7a6cf86a0024d18a0189	0	POS000710	1
gsw-5bf8f352a7b0da894a4fd68fe325dad2	0	POS000711	1
gsw-efa5a5c7109c3775edc576ccec3e6bb8	0	POS000712	1
gsw-3de532be40461275eeef33a77a7ae37b	0	POS000713	1
gsw-f821f09566d78702ca70197f05a984bc	0	POS000714	1
gsw-498c4d66e14b9a74566309ca19b13740	0	POS000715	1
gsw-587da45e57a511beb6a7e44040e03ab5	0	POS000716	1
gsw-965bcdcfe2f8e13f3306dc21b1ff14b5	0	POS000717	1
gsw-79e26fc6e77c5f01fb029f45cb6efa71	0	POS000718	1
gsw-1938d72ff8da7ec44df2660bf860888c	0	POS000719	1
gsw-7ceae5105d4a5c9971f6166dbff0c2fd	0	POS000720	1
gsw-4b8c7f5af3ee1e42989e522a49678886	0	POS000721	1
gsw-8260bc56cfb6660f03bf507d166169a3	0	POS000722	1
gsw-5a526dfa9930235515039cfe5affb212	0	POS000723	1
gsw-5ff4df240044f786ffcceb489ee40ba2	0	POS000724	1
gsw-3edec0ffba53e5ed75dbc991d1115971	0	POS000725	1
gsw-7d53c18c3c237ff10947ebbe17365428	0	POS000726	1
gsw-be85b5d871270f14ecb8447feefd9319	0	POS000727	1
gsw-51129faeae4198f22e40bb32f40f1383	0	POS000728	1
gsw-04b18ed4e2e3262ce00bb913af36963a	0	POS000729	1
gsw-51aa0b6896484add29279b2b88839e6a	0	POS000730	1
gsw-f98cec2e0f5862d1a0313de4873e2fb8	0	POS000731	1
gsw-e8457ce361ea781d9c0b7ac302aadbe3	0	POS000732	1
gsw-0a869137e950722db3322c0494159352	0	POS000733	1
gsw-f1ebb86e311589abec51049efcb4cb69	0	POS000734	1
gsw-bbfd8cf04e0dc7105511d77be438b181	0	POS000735	1
gsw-fa49f8c98d292ceb85a0672658f42840	0	POS000736	1
gsw-4006c06f5da2eee312b5e1128aea85ff	0	POS000737	1
gsw-522ebad66d4ad8ca6a22e1c9a858682f	0	POS000738	1
gsw-c3853bdeca112be73d2bbb28694173ff	0	POS000739	1
gsw-234ad75fe2136cab4a2c5a03098cca55	0	POS000740	1
gsw-bbeec90e2832a56fc4e10f647285a6b3	0	POS000741	1
gsw-8691c24081a214c6dc45ff5e5cd87ed7	0	POS000742	1
gsw-09ee375d489defb6677833b61976e4a4	0	POS000743	1
gsw-566fb1032b662fa59ae00f2949d408ae	0	POS000744	1
gsw-eaf93f73a49f390bc194427557fa919a	0	POS000745	1
gsw-45ae229122c0828683f6126ec433d827	0	POS000746	1
gsw-fff78978fcd4fd558a1ab2054770a285	0	POS000747	1
gsw-7a61c0642b80958ee946e2c9f6dcaa8a	0	POS000748	1
gsw-8778677b5bd04175103c9a81159b0ee6	0	POS000749	1
gsw-bd5465eadfda94636af35b0fe89e2331	0	POS000750	1
gsw-a23110c947aa553bb9e1dd45bda8f120	0	POS000751	1
gsw-3d9ab2863a355064803bbb7fdacfce02	0	POS000752	1
gsw-08026edfdb17ef6db53a5d899ee2b9af	0	POS000753	1
gsw-bc0ac35cce7afdc0100f75cca0fa7d8e	0	POS000754	1
gsw-291ec681ddb78aee9608c0bbcf07eeac	0	POS000755	1
gsw-c6427398e0343f57bcff499cb179bb91	0	POS000756	1
gsw-595670c7394ff22052f38aeae20f7678	0	POS000757	1
gsw-349ee495e05a0af0757fdb072a3509cd	0	POS000758	1
gsw-32b227d6ed7357b27155d3c1119d818f	0	POS000759	1
gsw-483a297b144a88f0a51a7391daaa8569	0	POS000760	1
gsw-b00fc9c60c8951f54617a37fe9d70d23	0	POS000761	1
gsw-8b3118252d94e6bc8746e6c427d1c48b	0	POS000762	1
gsw-a55936589889898a22b922624b8ea2a3	0	POS000763	1
gsw-51001bf9dc3a1f36fec9b524d65d9bc4	0	POS000764	1
gsw-4034e99414f8fb45c27d85044731fc0b	0	POS000765	1
gsw-bb619d42e4104b0efacf34d435834710	0	POS000766	1
gsw-39ea85263c46f0abebd748b5ba876027	0	POS000767	1
gsw-bad3b4afe5edcb78010517e2b2e15709	0	POS000768	1
gsw-8a6858c16acc415a3f100b19406e214c	0	POS000769	1
gsw-d5d17d4fc5016935a0d7d3e0c51654b9	0	POS000770	1
gsw-ba63396cc6aa3dbe2fe9bcc9bf1c7d93	0	POS000771	1
gsw-b3ff8b434c1ea06267b3609d23f84f05	0	POS000772	1
gsw-f924716ffc393473a8efbefdc59663ea	0	POS000773	1
gsw-49075e9f85ba12d7b3ee173d8a8befa0	0	POS000774	1
gsw-c574507695dd0dad0e8faf0fcd8d6753	0	POS000775	1
gsw-d7813611cabac8876baae9da78e211ee	0	POS000776	1
gsw-d3bb0c0483ff35dd58e1f6e3e210f7da	0	POS000777	1
gsw-17b846a613a7ea9658cd609e4bd381c4	0	POS000778	1
gsw-94152d66245a17f8f2599172fab6f899	0	POS000779	1
gsw-dc44edbcbeac9a3cae9e28c8b051eab3	0	POS000780	1
gsw-f35cd8ef1948f2628b4c4766f0eea957	0	POS000781	1
gsw-58cb70113d86d1fdc2bef6715c88a84f	0	POS000782	1
gsw-b6abf847c33182c5d2b450e103bf322d	0	POS000783	1
gsw-5adf0de2a48bc7ffc4abdaf6a20fa5f8	0	POS000784	1
gsw-9acdd67c42ac4d024b8f460ef19349e3	0	POS000785	1
gsw-dac1f8278c00d9bed5f536a6a289b607	0	POS000786	1
gsw-2e6fdfa1dd9b13e701b7d428d170c575	0	POS000787	1
gsw-dfac0c80bc4fc04c1f23a3d0d6c161a4	0	POS000788	1
gsw-020de1bf63ee52401a8e6641143745a2	0	POS000789	1
gsw-4655224328d375969e51d27e899d4e3a	0	POS000790	1
gsw-a7e1fe90aa7803b6daf364dc26e470ad	0	POS000791	1
gsw-1da396d7db6c3516a6d8a9c0e13815ed	0	POS000792	1
gsw-0ecf2892e128c4fe98bbfe0ed5cbcb70	0	POS000793	1
gsw-82c64aab47fd1db00d216322bd116546	0	POS000794	1
gsw-d49eb3883dbe634187039528adadcec4	0	POS000795	1
gsw-fa0ebd894d48d7dee6a884afcdd30dab	0	POS000796	1
gsw-46116e270369f06bf4dbad4deed072fe	0	POS000797	1
gsw-b55606eec7b251bcadfec372112ffa12	0	POS000798	1
gsw-4327ccf8ce00e8cdd1e18458e375d067	0	POS000799	1
gsw-d5ee3f3fdd318bb28f1ded2fad81ffd9	0	POS000800	1
gsw-a769abe58c5ff59dcb6d7ae3307748b7	0	POS000801	1
gsw-c6d40d952343a207fdd9e12f5cd9ab61	0	POS000802	1
gsw-efdae8c60fa1115250101f6b2ecf4cf5	0	POS000803	1
gsw-10b85cb239ce60ceba32954f214f5899	0	POS000804	1
gsw-d7c42a5f99d909c278b695fea825e9ad	0	POS000805	1
gsw-09e7297225a0c79f1343bb7c8563f59a	0	POS000806	1
gsw-5ef366749b59ce8bbf0662c074245cb2	0	POS000807	1
gsw-5e4320c4372a788694a04c900e981a3a	0	POS000808	1
gsw-adc82d8a83d6c2231f582941b3fbfd19	0	POS000809	1
gsw-c7da9a8488280bd45de7448215c9dbe5	0	POS000810	1
gsw-46f43c89ec7e35b9a0580269949eb765	0	POS000811	1
gsw-5c922fb29d62c06994ced2b85416fa9d	0	POS000812	1
gsw-e01d1c89ab24dd26fd4f5eed6d8937bb	0	POS000813	1
gsw-fd38bf7adbf095329ccfddf42cfe8fa6	0	POS000814	1
gsw-bb5827349a27e36f53d824a4cf7a9c94	0	POS000815	1
gsw-8376203229a06d96b2faaf7c511b9d8e	0	POS000816	1
gsw-36531b9afee19f48b17fb016ee3ed79f	0	POS000817	1
gsw-5f266f0c8813e39cc3e78345f28ddb00	0	POS000818	1
gsw-483a50ace517d039f7f8048373183099	0	POS000819	1
gsw-5b7926ec46e00251cefbeb881a7d9bea	0	POS000820	1
gsw-cd7c9b8a599d44c89b68d190fdcbbe84	0	POS000821	1
gsw-0d70b8cd115ea4139494ac37c605d57e	0	POS000822	1
gsw-a41932e31b64d2239023962f403d0c7c	0	POS000823	1
gsw-0aface9dfa4aa7e7cbf50b26d169c47d	0	POS000824	1
gsw-e6c011b5f4b15debf762cd4513a80831	0	POS000825	1
gsw-9122d6e542ccb6bd95344f5034fc6a0b	0	POS000826	1
gsw-e64b8e3dc7245b0ed8fb07eb161b61c5	0	POS000827	1
gsw-85f487d32ea4915c26d050cbc459700b	0	POS000828	1
gsw-313ed64ff3d3fd294c91797b8bf344bb	0	POS000829	1
gsw-4ade1ae0ccebd018c7da1464c31064f0	0	POS000830	1
gsw-5bae8ff5fdb2dab6cd57b0480c6ad4b4	0	POS000831	1
gsw-a9e4ffc0076d8c0e07c6b394ee6768bd	0	POS000832	1
gsw-172377988e8080ca01b15822e8afaa26	0	POS000833	1
gsw-8cd035bbad121a15672e5941982e146b	0	POS000834	1
gsw-25f5d2019a28ac43a993195e501b50a7	0	POS000835	1
gsw-6552e1c01bb673472b3a44b52bd863c5	0	POS000836	1
gsw-b7ce431b791779a438bca7cda207d41c	0	POS000837	1
gsw-0f3bea083451ef8a840aca3d4ac1979d	0	POS000838	1
gsw-46a1bcb86998784cbcaf9972065eb136	0	POS000839	1
gsw-0507760c0e0ba118c141fa7041ba8d9d	0	POS000840	1
gsw-dda21a144c06eed08209367c0638a3dc	0	POS000841	1
gsw-40ff6fd36d8698fa44177708d521c9f3	0	POS000842	1
gsw-27d1973538d3d86ac33de98fc8a4881c	0	POS000843	1
gsw-69cdbb47583caafd8ee9512b89e4d423	0	POS000844	1
gsw-bd8b4d86822a94c3d138a362ec605925	0	POS000845	1
gsw-7310a36bc702db8a39fa8a909976d0e0	0	POS000846	1
gsw-673d4dd392e066500e98cbac92b6cd89	0	POS000847	1
gsw-6f71c772b6849e67c3bae78151ef9491	0	POS000848	1
gsw-78c704c0e7ccd5531c7164111325b257	0	POS000849	1
gsw-e28cc1590e6748301b86aec6505f27a9	0	POS000850	1
gsw-a4f32707125a3588aac29328a9553d43	0	POS000851	1
gsw-94b4febee507ce1368abf009703dd871	0	POS000852	1
gsw-ad739211396cd31967fb7075b2f5d4e5	0	POS000853	1
gsw-5ea654eda215c74c141556f706392543	0	POS000854	1
gsw-92d3e6857fa3bf6569ba22530c7760f6	0	POS000855	1
gsw-f710b9beacfbff2bb7980f7e1295bbfb	0	POS000856	1
gsw-ef396875a7a90205d5126e649ac3352b	0	POS000857	1
gsw-69da4013267c5a8a27b533e3b86cd525	0	POS000858	1
gsw-35b656f33f05234088a1f0b380c39e60	0	POS000859	1
gsw-39259acbf2369e2103f3b4162cda0e50	0	POS000860	1
gsw-e705c28f88730f11fffa94655cba51a3	0	POS000861	1
gsw-5893ff58594e51fb2c16c38ee7043558	0	POS000862	1
gsw-e0b1af184f0a613e6eacd665e5ed44e5	0	POS000863	1
gsw-47ef5bcdc586f2fc15e6361edf01c714	0	POS000864	1
gsw-91407b207831bca0be3a5d1b73ab3f97	0	POS000865	1
gsw-57391eccc15b1c172dbf58b0f8373497	0	POS000866	1
gsw-f45fbd2db7f66e6f58dc0a65145050d7	0	POS000867	1
gsw-3af5b03d4e1ad1e1b260d52019b9b923	0	POS000868	1
gsw-f45fbd2db7f66e6f58dc0a65145050d7	0	POS000869	1
gsw-4aafb0d4945f5e15389248bad164bca7	0	POS000870	1
gsw-1097d24d019cacb876868ee68c9c0c4d	0	POS000871	1
gsw-94cc340cd6f92fad7a300ba16113e08b	0	POS000872	1
gsw-5b6e84a61366207049b20c41a1b507ca	0	POS000873	1
gsw-001f2a55aff4d5ec6cbd12322d6c955c	0	POS000874	1
gsw-abc84b7b0c295ed4b897e1591a6b0f76	0	POS000875	1
gsw-5265a6180bb15553bddb2240ccb1a84d	0	POS000876	1
gsw-0b6167ca6d9e358e3f24232943f0580f	0	POS000877	1
gsw-76b2783c3516fecc606378cb6e1d3398	0	POS000878	1
gsw-981dec7d81fb4571402b1ee8b309fcb0	0	POS000879	1
gsw-e840fbe1e6dd852d7f73778f6e71013b	0	POS000880	1
gsw-245f67fffd850dd4ad515086ea68ffb7	0	POS000881	1
gsw-fc7961c6699d92c7e6cf3cbc9325fd03	0	POS000882	1
gsw-1f3ba4dda518b15efb014c989b2f9402	0	POS000883	1
gsw-2e0e4ab623cb8f754b83f96f95b52685	0	POS000884	1
gsw-ca10b8b77d1089a6e264e28b76a1ac09	0	POS000885	1
gsw-3f968ac336dad8c94fa9d6c9a5c485ef	0	POS000886	1
gsw-d79281e2592bd3b62d05e357c809c265	0	POS000887	1
gsw-51982045fe37d53361e4524f0210a984	0	POS000888	1
gsw-e5ffa0fce69bc7333f5fc84ea90f9163	0	POS000889	1
gsw-2eaffa2147dc975c30e6af07be26f9e2	0	POS000890	1
gsw-0072f85558d11f9740ddd9276703810f	0	POS000891	1
gsw-efb52cddce8e3e62729461549a05eca5	0	POS000892	1
gsw-b02e2ec2552182753ace1989dd8f54b4	0	POS000893	1
gsw-7f939071df27bd2d28660e5962db9072	0	POS000894	1
gsw-2b2ae60ef3bf5a2015c064e99cd55106	0	POS000895	1
gsw-77236801f664f1ef8fa30426452cd14a	0	POS000896	1
gsw-a95ac105cbe74ae7d648a6bba1e973c2	0	POS000897	1
gsw-1029f68ac0e3b723d3fe587ddf358bf1	0	POS000898	1
gsw-9eec5e04cbf241218bde11d65669f188	0	POS000899	1
gsw-6f3179da405dfdfb3b5b1915e0c0b4e7	0	POS000900	1
gsw-b909e48edc919e3c74042cc73f4b20bf	0	POS000901	1
gsw-11a5c25a4876ee503fd716a6c90237b8	0	POS000902	1
gsw-ef84d53d8ce8a28b2a61935c5e816adb	0	POS000903	1
gsw-83ad2389216115a32c57fc1f230cdcbf	0	POS000904	1
gsw-1cedb9d1c88b9201cdbd49381a628f2f	0	POS000905	1
gsw-0b6e2ae9793960bac7a6dc0c579c897e	0	POS000906	1
gsw-6680056046908843d3c2dc0056a431e5	0	POS000907	1
gsw-cd8d3bf358167b195315f05c32879d0a	0	POS000908	1
gsw-98ea81b9b812627bcf9b3d9e257399fc	0	POS000909	1
gsw-04f1ef37ab9917874f84a9f724aa997f	0	POS000910	1
gsw-9e813112436f655186dd1b15b600a0c7	0	POS000911	1
gsw-a868972295fb63d816bb42119010ea3e	0	POS000912	1
gsw-44b00a9c081cc1c93d5109c78ec489d5	0	POS000913	1
gsw-4173ea5e2d547f4f03f38afa66463ad4	0	POS000914	1
gsw-4b307d6c3701a4a4a610dc9e4fa973d0	0	POS000915	1
gsw-d6c1fd179465777f404d27bb93e882d6	0	POS000916	1
gsw-b0f737cb6400e9fdba44473537c3fbae	0	POS000917	1
gsw-0f6cd25c31373abd8cf22cbd0b1d1315	0	POS000918	1
gsw-51d7a3a70119f00752b082627605bd0f	0	POS000919	1
gsw-3cf481e9dc2b2fbc47d2dc56d05c7456	0	POS000920	1
gsw-ca00879f694ae5d3277bdfaf3b8d27cf	0	POS000921	1
gsw-2d31cbdae357c3a1805b9a384e073df8	0	POS000922	1
gsw-6b337d4169c75281fa98cb586362410e	0	POS000923	1
gsw-8e217c5d53b386b306aa39aabc5c674e	0	POS000924	1
gsw-d7a891c96edc9c744359d6375a11da35	0	POS000925	1
gsw-c1a8e0529daccdc82c21a34f5de90cd1	0	POS000926	1
gsw-9c7d396eaebf898f49f4dcb22388f770	0	POS000927	1
gsw-d9beff9d73eef90a32cd9a2af9ffe3ab	0	POS000928	1
gsw-312fb24aeace5b1f37eb59ba773850b6	0	POS000929	1
gsw-b1750dcd7177ba14a95ac6dd8ee3517d	0	POS000930	1
gsw-9fce23b4675e674f276e5f549662f201	0	POS000931	1
gsw-5af422bcd42f4706517a6a3965d9c6db	0	POS000932	1
gsw-b54b4821c4d03cfb0e1bb854d9ebb62b	0	POS000933	1
gsw-709d5d63b9501b1c3b29a0aedb840b56	0	POS000934	1
gsw-d414fa9899051de9d6bcba3e3d17d40d	0	POS000935	1
gsw-8111ad208ee4c245832224f1d226e7f1	0	POS000936	1
gsw-0b0812056f155dc13b47c09c2ae2aab6	0	POS000937	1
gsw-b402428d4c3edcda319de455a94d83f9	0	POS000938	1
gsw-5812a7b848976fde0f220bfa003921be	0	POS000939	1
gsw-b6be5bb654df269f13008f7cb895e4f2	0	POS000940	1
gsw-1daaca3cb1bd97062fe4615d0fd76dbd	0	POS000941	1
gsw-6915f7c336a016a26ad060d4af9af1f1	0	POS000942	1
gsw-9875039fb7c568faed7f7c9dfa83e22e	0	POS000943	1
gsw-9624966830f66cb9bafb2ce78dcb6424	0	POS000944	1
gsw-1db47695e9de36cb7ac3edd376cf96ed	0	POS000945	1
gsw-2a9d99e21c6498da40445ad97a4a16b5	0	POS000946	1
gsw-e16672ce64cc703eb455de53fd1328b0	0	POS000947	1
gsw-78621cb33d46260429ad01d7774a211e	0	POS000948	1
gsw-5219227ca1574a3fc156c8dafe2a2a1f	0	POS000949	1
gsw-1a15f3ec2716618ae3a031ddb047307c	0	POS000950	1
gsw-2ec9b0dbf5bfa1611189973ce68d2d41	0	POS000951	1
gsw-7822ebd943b2f11ec982b61de074c988	0	POS000952	1
gsw-884da03f26ccbe9de7b933fcb28b93fd	0	POS000953	1
gsw-25ae17a4a0eb462de01570fb700515c3	0	POS000954	1
gsw-dfb5431f4eea55c7dd5f86ca6b146973	0	POS000955	1
gsw-44edb29fd96720f496e41d316b0d505a	0	POS000956	1
gsw-207400bc5ac8ad711d4115803137e1e7	0	POS000957	1
gsw-1a037a40af1211dac20f45fd01b9e8b6	0	POS000958	1
gsw-e3529d117b0de740f20fddc5afcdecee	0	POS000959	1
gsw-dd3b66be047799289335ee5284829647	0	POS000960	1
gsw-6a4e71c4d1b9c774c8538009a0827a6a	0	POS000961	1
gsw-ed9c215ddebb268ede5e0ed05bcea00d	0	POS000962	1
gsw-295d40e1463fe119155d98fb97c06140	0	POS000963	1
gsw-6ae1b70aeddaffe130e0c1aee0dcb11c	0	POS000964	1
gsw-1579799345d8afe41abe900a24e282ab	0	POS000965	1
gsw-94506d20d77ef192bde698cda1d79f92	0	POS000966	1
gsw-7affc7eac26e1b40e821732e384de261	0	POS000967	1
gsw-1dba5511f11d3ea8bbca04bbf1651423	0	POS000968	1
gsw-bf3ae91344708323dbdacbe860f4926e	0	POS000969	1
gsw-2114f0d9f6d3deb6790c0e070e683d62	0	POS000970	1
gsw-04a72247e5edd2c241e5370ad9f492a6	0	POS000971	1
gsw-3b8d3eab7822fed063fed2814625b81e	0	POS000972	1
gsw-f901d8e1334e171ae1b60c4e29f33c8d	0	POS000973	1
gsw-fab77552fa89e8f2b8d13641e27a78bc	0	POS000974	1
gsw-b0a6a4cca98677c5672450fc8cf1a293	0	POS000975	1
gsw-6a11c41083482158984845f679e18a57	0	POS000976	1
gsw-46e826e2911d4651eef6ec7f95c667f2	0	POS000977	1
gsw-db1bfd2abf2f1e2931d21dd890c74c85	0	POS000978	1
gsw-6eeb3367f6fd28df226bdb5a309abb64	0	POS000979	1
gsw-de46808ea2cb6031995381beb45b428d	0	POS000980	1
gsw-0fcf8888218b3015f4d336529ebe0c3a	0	POS000981	1
gsw-ab0aa4c61d16a3ef77fd3059c062d125	0	POS000982	1
gsw-71a13e55a9a4aab51504482c9f136011	0	POS000983	1
gsw-d1bfb516ae21005b8aa17e56ea4fe8cc	0	POS000984	1
gsw-abc990ea1e46e55d0ec64a7ddbe94113	0	POS000985	1
gsw-e81bf9a6a9d4048a61fbe0511e5e8c6c	0	POS000986	1
gsw-07540d933fb875fbff0943f8760a91d0	0	POS000987	1
gsw-fc8e541f4b9091dc407a64d21d554ea2	0	POS000988	1
gsw-8a270e00fe4b4aab68c3b6620d2e4724	0	POS000989	1
gsw-a59e38441d45789adb056dd521a4f61d	0	POS000990	1
gsw-788e70fb7e6d4c31ba7298b53b1546ac	0	POS000991	1
gsw-da4914c1dc986eecf57d7fe93084cd63	0	POS000992	1
gsw-6a04cc2b00bd26574e4565821301978c	0	POS000993	1
gsw-a83ef8d8d9d3fed97424dad08bf37535	0	POS000994	1
gsw-da4ceeb75229efa098559fae6292410a	0	POS000995	1
gsw-4d4ab63951cb0e50c6d9b71c4e52789d	0	POS000996	1
gsw-6daeade51bf9e1b747b3a3484c75369f	0	POS000997	1
gsw-d8a5b0a2fd7342f6738510b6290155a6	0	POS000998	1
gsw-d54597e35314dd9b752333a8f4356726	0	POS000999	1
gsw-63d87e78b9eb4f8ca15bfbf5818d6996	0	POS001000	1
