nds-5fa2456c62e6b6ebe84a0f4963acad5b	0	POS001001	1
nds-45425f0197607896bc612e657d4d576c	0	POS001002	1
nds-21a6387d31b52ea4ebf62aceef9f561d	0	POS001003	1
nds-01728fb70366a8679f97b2d3019827f0	0	POS001004	1
nds-1cffb038b420f0b555098e25447e52c7	0	POS001005	1
nds-b04afe063bf86d3d65dbf0754c39b861	0	POS001006	1
nds-ba92f987459dc7847914b81f73bc6e8b	0	POS001007	1
nds-4a9def2f3be70381359ef09ec6293d57	0	POS001008	1
nds-6f9fff7bec01f2f7ef69fbb207b5cb23	0	POS001009	1
nds-7e99d3c0929f3addce0832f7abd96789	0	POS001010	1
nds-4f9867b5dcda5ec410373e7a4ef40606	0	POS001011	1
nds-c573084d2b0814a34f9a73453742e585	0	POS001012	1
nds-0e53dfa2b987e4c5819d8007f197962b	0	POS001013	1
nds-5b5d42c53f92d1c16543e2fb3a91eead	0	POS001014	1
nds-91e21d1c0c22a4832736fca95b1d4f4b	0	POS001015	1
nds-8c8750682a50312b468a7d4dae3be135	0	POS001016	1
nds-b189af7d3ab4d52db60f7add049200e0	0	POS001017	1
nds-681cbfdbcec8943cf00ab6e4ec8d4aeb	0	POS001018	1
nds-f199d97caf33978549ed890cd4f1c1fa	0	POS001019	1
nds-422e1e27d30af18720555a54354ceb0e	0	POS001020	1
nds-9b9a6a693eabd61e2cd0b8bd27d6ac7d	0	POS001021	1
nds-ae6180c450d08e09d6db625f55439181	0	POS001022	1
nds-30612fc278d82c1f2fbe5fc8a1a52df6	0	POS001023	1
nds-c83995b5786e8fe0cde8844e30b3972d	0	POS001024	1
nds-0d3ec6de2d96af54dac769540e00eed6	0	POS001025	1
nds-181c372bbd6af14b45a2f32ea033f5f5	0	POS001026	1
nds-eccf43e57ae9b1a0a99fda94a20ef1af	0	POS001027	1
nds-04bd893033658ddc838444b5bf56ec05	0	POS001028	1
nds-a651736cd10c5a74374d1f393e4609d4	0	POS001029	1
nds-634c602bf40967b413fc4059042d9274	0	POS001030	1
nds-281f48cf60085da8857f92467cedd8cd	0	POS001031	1
nds-3f6756ffc8c1922d362d2299d55a81f1	0	POS001032	1
nds-c61f979699788c83b39e9d661d54f4ed	0	POS001033	1
nds-577a6383628a4f0cf8bded95fa24fc9a	0	POS001034	1
nds-b7eb1abe57ae992c798f5666d35ebd0a	0	POS001035	1
nds-dc1c328f43dc1e67dcb3a7ac23e091d1	0	POS001036	1
nds-07a53452eb62cbebe3e8b437467ab542	0	POS001037	1
nds-f6a618174e09ae26564f6d7e73281b85	0	POS001038	1
nds-387970fb999e12b77e9a6e1567ada994	0	POS001039	1
nds-2cecc29e46d171b355b24e655ce51381	0	POS001040	1
nds-9875ce4858a4d094cb9e5b220f8cf74a	0	POS001041	1
nds-51478dc1dee16e1cbd8ae6d725b9d84f	0	POS001042	1
nds-7e3599d3fc6c09698828dbdaa43e018a	0	POS001043	1
nds-34ebee5d8dcc58469a9477dfa52a1190	0	POS001044	1
nds-1f0222f88bdcf170ebfab715ac1e1ffe	0	POS001045	1
nds-4a63a45c50cceb8e4a78141e702bfdfb	0	POS001046	1
nds-075530928a72311168b9405051223d51	0	POS001047	1
nds-a554e2d17cda86bbf2faf4be3655a670	0	POS001048	1
nds-34c957ef7f4bb679c3fff6761d9480e6	0	POS001049	1
nds-640e5295a3b640eedc259fb0a6b30d19	0	POS001050	1
nds-2eeac273d24f57ebeb3a405ce06fe09b	0	POS001051	1
nds-4e10db89896402b3c44a921d7be328db	0	POS001052	1
nds-2a0c8039fdf3456c6819ca1c48ebeab6	0	POS001053	1
nds-5f95bf592fbee7f0695a78b356395134	0	POS001054	1
nds-b28bc9e870ff730d134e4d00b26a6a60	0	POS001055	1
nds-a663242a7fe93092a6f6fae0978f7fc0	0	POS001056	1
nds-37eb2168fad55fc092046634b244e29e	0	POS001057	1
nds-0c1782a2121d67a86150b2e091f8bfd5	0	POS001058	1
nds-5147ea78b6f81322605da49038baec32	0	POS001059	1
nds-52364a65b47fd4220b090b5e3626ebd4	0	POS001060	1
nds-e5e1a9fb1f4bb7dc8ae7795b1830f498	0	POS001061	1
nds-33bfd0fc12aeeae9420553d248fff4f6	0	POS001062	1
nds-1263c71ab23e7f5e4bacdcb5b6e4a35f	0	POS001063	1
nds-1127e553939b817c84f59e5198820e29	0	POS001064	1
nds-d1533bea6a7b79d620818c1ae66b4867	0	POS001065	1
nds-3908954ed8362b280294023b3a05fba3	0	POS001066	1
nds-60eea6fd2f9b40be7b0c4470e22a6634	0	POS001067	1
nds-ab65b6c320ff4e416ef02d68348a911a	0	POS001068	1
nds-76b21eb1d2d0dbacb6a43448eea7ab9b	0	POS001069	1
nds-33bd2800ecfcdfd727b50f63c1150676	0	POS001070	1
nds-0105ffcac1a5e90667bb8bf62d67f689	0	POS001071	1
nds-9b1a6d09ab1dccc97c1feec44929335d	0	POS001072	1
nds-5dec49863165bf0a6eca7286bb25eb28	0	POS001073	1
nds-e5c19c5d0e2748f192b6e5ff27c6dead	0	POS001074	1
nds-7aeaa7ba7096c309dd3cc39100083fc8	0	POS001075	1
nds-2f1e86269865848fff8eb38ccded95b4	0	POS001076	1
nds-3492e85dfd80952b0259b08d24d75d9b	0	POS001077	1
nds-b445ebcf4b2462fc0be9a3f8d514c4b5	0	POS001078	1
nds-0592cd277b87a4c1b641ba3042e07747	0	POS001079	1
nds-e9122df2ba1d61be370d1828eb628b1f	0	POS001080	1
nds-2f8572c3d46680fcd0f61cf72f4e155d	0	POS001081	1
nds-bd02a4b76a4af11b80d2cca259d4b814	0	POS001082	1
nds-cc84be876518689bace9319903ae0920	0	POS001083	1
nds-f29941027a32354d928dea23275e3d56	0	POS001084	1
nds-635b65553c66d9825b5004174ef07774	0	POS001085	1
nds-e74c78f2f97a29ff620e420d6d3757d7	0	POS001086	1
nds-a67bf79a1c45558175f8fee1292da066	0	POS001087	1
nds-0b34565501c2ecf0c8fe4b6bfc8da1bc	0	POS001088	1
nds-1bbe5c7e3236874791377df804fa3ec3	0	POS001089	1
nds-b1d8cfd9f8f1770a06a5d5378a05af8a	0	POS001090	1
nds-8b1b5a763bb9963aff8a22784e2483ce	0	POS001091	1
nds-7ce36d4b69cf493041569783aadbc6cd	0	POS001092	1
nds-ab5db3b0f0254f7c2a3f6365c9a03fc8	0	POS001093	1
nds-3d7d58794efe095e78155f60c5a1155a	0	POS001094	1
nds-49320c7cfc7f513d0ee3331229b49af2	0	POS001095	1
nds-193d479c94a3957c9732d920f167d71b	0	POS001096	1
nds-d5864db05cd3225a3a749aa20d1374ea	0	POS001097	1
nds-07ee4419cc0eb780964802cdbc3c7dc2	0	POS001098	1
nds-d94a6d2b98622240ced0c250268036d7	0	POS001099	1
nds-8f49acc7fe626b29a25dffd986ab5389	0	POS001100	1
nds-21b1a9ded98ccbd5df010f40a64052cb	0	POS001101	1
nds-b96c08414d5dab03dcf527072f3b6340	0	POS001102	1
nds-33dd026c65216ca62f17e3e10b9e92d7	0	POS001103	1
nds-cabc734b17a00849e4ed5a128c1af3ee	0	POS001104	1
nds-adff10867bea6c13dd87681fc34813ee	0	POS001105	1
nds-9c7bb90d9066e3ec559014943d871299	0	POS001106	1
nds-74e89dd7688c50ad405cfdb0fdaf1fb1	0	POS001107	1
nds-6a25389c8a0e853c89ce066a69e3c6fd	0	POS001108	1
nds-afdf90032db02867c5f56001a2cd965e	0	POS001109	1
nds-1001d51423d1ca93e37faeae33070b35	0	POS001110	1
nds-b3004af9865d94e3df02a8ee7a3f85b5	0	POS001111	1
nds-04f77bac023a2fb95eb5f09caf1493f4	0	POS001112	1
nds-e6e095660424f6e4d67d7623126f0bb3	0	POS001113	1
nds-66dcd10c134fe7f490999a079d3428de	0	POS001114	1
nds-cec4257101579afb29ac8660906c3be8	0	POS001115	1
nds-18c921bacaf7980f868eeacc7e6a7cc4	0	POS001116	1
nds-7b3b72d28bed1b96e287aa292421ac96	0	POS001117	1
nds-33685f5e3c081dc4dcd1b1e8db1dff44	0	POS001118	1
nds-e98651e5ee60faef45b61127a03407d0	0	POS001119	1
nds-087b8072745cbfd1d7bc252c665a5ab3	0	POS001120	1
nds-1e61b7ecf6b5a6ed156e2eb103688bfa	0	POS001121	1
nds-57d52fa91706bd4d5282828413fbe641	0	POS001122	1
nds-60beea8105682e992e90bf19e6bfe08c	0	POS001123	1
nds-6435bf2a6984eb8da5de23e63d889a75	0	POS001124	1
nds-83a9204c541fe81e3ca414477b706831	0	POS001125	1
nds-c959e28680734a8ef5d660b82652e505	0	POS001126	1
nds-7809a32cfb734938c831a7032bf1dce8	0	POS001127	1
nds-9b2e3cf86cc327806f1a8a512b768d9c	0	POS001128	1
nds-45cd70683eaf0beb5fccb1536b9985a5	0	POS001129	1
nds-26d049b2c8152def5338d15e28bc6e64	0	POS001130	1
nds-08deeca62d27d932c0b611a97ad5a409	0	POS001131	1
nds-400c6da92ad14012b331e3c929fd0b68	0	POS001132	1
nds-a2f546454eec17f97989eb3e228ba25f	0	POS001133	1
nds-c990f7216abbc9618ab936d25e38af3b	0	POS001134	1
nds-0112ee52f4c3785f71ebe0a9b6ed96a3	0	POS001135	1
nds-d712bfc70d8cee51a2b6db47a4740cbb	0	POS001136	1
nds-6bb04fd76d955f2e0902b2f9d40976b5	0	POS001137	1
nds-2550f63c313daca62f9cf5afe3176585	0	POS001138	1
nds-2838d2f88359f23748ec1ff90bd7f7f9	0	POS001139	1
nds-42ccee60fc11e9aabe0dea49b76cab66	0	POS001140	1
nds-5c8166305772263c7420d3bbe63a767a	0	POS001141	1
nds-0296515e4566a0a0d508fcd92b80ed6f	0	POS001142	1
nds-baa05bb0fa26c491669ad687e80a78e6	0	POS001143	1
nds-336594e5925bff2453b989e45c48db38	0	POS001144	1
nds-3c6555260780a8d3408d639204792512	0	POS001145	1
nds-c50796a934a279235eff757f1220df06	0	POS001146	1
nds-71a0b6ef8c8dd9d477bcec25e013c747	0	POS001147	1
nds-df3ad3ffb424339925c71ff79eacb077	0	POS001148	1
nds-1e50c2b7c1df35c998f948b77e5055a2	0	POS001149	1
nds-af4ea9a00c6ac8b7e4c286a022f18bd5	0	POS001150	1
nds-d02499452343279a7f2857cee2793162	0	POS001151	1
nds-430ee7daaad73582db9d8e17a6e9541d	0	POS001152	1
nds-be90f2b8a803ca76d23597b8ca5c881c	0	POS001153	1
nds-88c8d42afc0c2ac6c343546117419a3b	0	POS001154	1
nds-3889ff69ed1ff1fbc9a0c0b85654a51d	0	POS001155	1
nds-c44260d0a9076da4df9b11329ef9b811	0	POS001156	1
nds-58166b519c63b9ee7afb7f1811ae6498	0	POS001157	1
nds-4b7fbd02051916e57fe9d9be3bac8388	0	POS001158	1
nds-bb2073ecb2af4c0f8ec84c005a5664d1	0	POS001159	1
nds-0c1e1d878dd118b6213421982c31606c	0	POS001160	1
nds-812a9a7db3368d1a3a77ed5dafc180ce	0	POS001161	1
nds-8cd924d7e71cd6a898f54d555c7c700a	0	POS001162	1
nds-60c56d39a76151de0a0a5cbe51c057e6	0	POS001163	1
nds-14c3192408b48e473e90694f9bf9fafa	0	POS001164	1
nds-5ea5a8e01a9daecabd502c10597c90c5	0	POS001165	1
nds-6ad7a8f34bc9ea0a736aeeeece5500a2	0	POS001166	1
nds-21f21cadcbb3a4939465b9c6b879fd20	0	POS001167	1
nds-c0e976562eadbf8018d5dd2e874d610c	0	POS001168	1
nds-f46c10a1b4052c9ea56e9a78e89c1eb5	0	POS001169	1
nds-cf38bcce3ca4171faba50d76cd405439	0	POS001170	1
nds-d2a3bdc319fcf9611cf79a28c28fa315	0	POS001171	1
nds-ac823c65f891e0b714040bc2268d78bb	0	POS001172	1
nds-8cacc8ba57cc652e7cba39c199d5b125	0	POS001173	1
nds-126a013f99326581957737797b4d55f9	0	POS001174	1
nds-ab124cb39576afe85096afca6c58c31a	0	POS001175	1
nds-e653c2371f93f554af78b5c3084f43b9	0	POS001176	1
nds-b8df5403589a3a4c03492c44001ce86b	0	POS001177	1
nds-a8dd1a0f67656d3b36474fe824827b7c	0	POS001178	1
nds-b442aea1f34a924cd883c2ca1e47e384	0	POS001179	1
nds-6286c4a202d2b7f154d07d406a253a93	0	POS001180	1
nds-df385953c3ff9ba55a96033500855c88	0	POS001181	1
nds-8aef674b3a0f8b9d06710880dc01c3fc	0	POS001182	1
nds-3ef8d30b1ac1cafea6ce0db7e95965e5	0	POS001183	1
nds-2ae7a427257bde3603897894a48930ec	0	POS001184	1
nds-04deb8487b3413d166c395ded5240da5	0	POS001185	1
nds-5d0d7ee2e8fea2e6c34d33697cb38477	0	POS001186	1
nds-9f3027602562779ce530b5cdb3935c50	0	POS001187	1
nds-ea2f019e47144b823099e11ae98257a5	0	POS001188	1
nds-3e4bcf56b085e8ba449323148852fbfc	0	POS001189	1
nds-7ca457ab0e86a1ee12b645955e173991	0	POS001190	1
nds-a093fca0a68807319a16a22a720f1242	0	POS001191	1
nds-ab1134527a03cc315e22fcce6b98e416	0	POS001192	1
nds-f36aaacc4a61dd1d09e9ae5ba4314523	0	POS001193	1
nds-1e20c6308356b062b812800e27f7cd31	0	POS001194	1
nds-239314a5e411f846c002d54d04ab452e	0	POS001195	1
nds-8b1505ff6b98f4280e9183e36d3ee2dd	0	POS001196	1
nds-e3c6ff1618a486540c9c9e738a853243	0	POS001197	1
nds-b13d738b0b61e08297cadda60a7a47b8	0	POS001198	1
nds-1842d309471b3d817f9fec39e6a249a6	0	POS001199	1
nds-b84b5fa6aa46b88cfc792eccf1e3e41d	0	POS001200	1
nds-efd94f28849170db9962abec7e7fe688	0	POS001201	1
nds-924efe4cd83308bb99af730deed57610	0	POS001202	1
nds-fe7751427837cbb1541aad09b2ff37a5	0	POS001203	1
nds-b1650f361e770e7bb92136a9fe54e661	0	POS001204	1
nds-e9c399cf58960126e0058d7964bd59f6	0	POS001205	1
nds-c7bf73d4248be79551f8c0f380bcdd1f	0	POS001206	1
nds-b1a767af87a7e9a750f8a0efff278663	0	POS001207	1
nds-d4a93d2b10db2003ed0d05964151f41e	0	POS001208	1
nds-f9c873eaa4070679266f04d9402a0208	0	POS001209	1
nds-02e2c859f2dd4f1e3688cd1ca05aa563	0	POS001210	1
nds-b41c9bc17d7af796b00cd9ea6700daf4	0	POS001211	1
nds-41a2c9b27f2e2e5115b74f1595fe4901	0	POS001212	1
nds-b9c145fac36b90404f674548c50369e7	0	POS001213	1
nds-f39c38b80b2c7b07561218da87afe685	0	POS001214	1
nds-c7363bae37a051d3795f6620676f1889	0	POS001215	1
nds-6140f66c5469f63f49245fe865e14c50	0	POS001216	1
nds-99559b0c0a79e3bd8c07f732a9ee2769	0	POS001217	1
nds-343f332ed7f65b9d860e78c5c1538a81	0	POS001218	1
nds-300b8f93459093bca2490f9f579668a4	0	POS001219	1
nds-aa605f7fa81fe5de078874b3bad769ec	0	POS001220	1
nds-7bf66932bc3065c287df5b762e293e5b	0	POS001221	1
nds-11061a77f3d92b33ca0e6dd1a53ad131	0	POS001222	1
nds-01992a4a76a1b9b9536e9463e4c8935b	0	POS001223	1
nds-9de6e1f111d93d2fbee389adcfc48a48	0	POS001224	1
nds-adb3e2d8ec5201426407d8cf001a86c0	0	POS001225	1
nds-c1928247cf2178bdefe68b36cc86db5e	0	POS001226	1
nds-32f6612229e80670cd494e9f3feefa7a	0	POS001227	1
nds-ca7680ab5a22458c4d283ae8914c310f	0	POS001228	1
nds-a4613fb806ee8abdcdd6bdb5566ba439	0	POS001229	1
nds-59257ba69d0fd0064aec2de3c39da1e7	0	POS001230	1
nds-d186f537e81bcee8088f1cb09e413289	0	POS001231	1
nds-599be0c6e4baf5c9db5faae1c4d064a3	0	POS001232	1
nds-f8efe08eedf28662089521e6dc5f9bc5	0	POS001233	1
nds-b489dd33a12cae1d5d05c34bb046ef96	0	POS001234	1
nds-373841e59638e608903154705d97ccd5	0	POS001235	1
nds-627cbb17de40d77edd3edad5c96c5e83	0	POS001236	1
nds-cff13638e4e617928c352f5eddcd1132	0	POS001237	1
nds-b338d2868a168f9fb3d349d62a9d7f18	0	POS001238	1
nds-52f1e9196abb194b6f0b4bf0eeb9589e	0	POS001239	1
nds-0ddc01071e3569cb8bfca461840503bb	0	POS001240	1
nds-0f6002e21f901d17cbaba6c93b5ebc29	0	POS001241	1
nds-721757f6cbf9ba56a47c3d269f150111	0	POS001242	1
nds-4e9d0683fbd05d7995da3caf06a0d93c	0	POS001243	1
nds-1bba4a3f3ca0353e5f2aeff5c1f10059	0	POS001244	1
nds-91683491c6615589ac40ce354097e97d	0	POS001245	1
nds-3d906c658dc8d476668efa62b08e68c6	0	POS001246	1
nds-177225f1b0930a579e175f4a51dd5a13	0	POS001247	1
nds-76f7cf26790909b56a36a992f7bc0734	0	POS001248	1
nds-aebdeb58c289979f971929a868673f33	0	POS001249	1
nds-e92f6d0b118e4e3795df1a100fe5c9a3	0	POS001250	1
nds-b5f82601573f014d360d2de2ad7bca63	0	POS001251	1
nds-0dac35be93c82a2afb2e16749f9873fa	0	POS001252	1
nds-0fd67aa24eb93dcf17026d08592f3c45	0	POS001253	1
nds-92f76a1a654d60397475c4a4d0b16fe4	0	POS001254	1
nds-2c6f8fd046519f3972a1dd9ffa1965c2	0	POS001255	1
nds-21ce9c68b3e3138f16fabaa59d3d9807	0	POS001256	1
nds-d8aef9a00f756e9c2ef1abf44ec4c595	0	POS001257	1
nds-5c83b3f7b0410f0be75e603495785099	0	POS001258	1
nds-4a8c55848c3d15c29343ea4a2a8f97d9	0	POS001259	1
nds-dbfb1717cc0d499b17f1a55c78970486	0	POS001260	1
nds-75bf9aef550e9389d1978046b617d9ab	0	POS001261	1
nds-75632e6faa7398b5685d6491c2c1eac8	0	POS001262	1
nds-86b041196663ad11846083fbc86a1c96	0	POS001263	1
nds-e712a54d73903b33aebd1d2f04d841e1	0	POS001264	1
nds-28c153e2b031426cea925db57f9790f7	0	POS001265	1
nds-f1deffe080bf4f12142a3a975db40e44	0	POS001266	1
nds-d05b7b2cd84b3643db6bff0af89d3c13	0	POS001267	1
nds-b8e6f15f810c0c1f7a5dfdfe5dc043da	0	POS001268	1
nds-0c28fe4296846af99e9994d654ad100b	0	POS001269	1
nds-77d21cc60250ec7efc53b8b80df27d48	0	POS001270	1
nds-90c570bf4c2b1127dff9e877a3636e10	0	POS001271	1
nds-4ded6c340849cbec04ac8c97fcf5dac3	0	POS001272	1
nds-cd9238c4cf886a5ef4fe934f23162df0	0	POS001273	1
nds-c45644945457bafd6d55190817cede02	0	POS001274	1
nds-a79d0a6c24dceb1c0152a35e80ac3e61	0	POS001275	1
nds-f996558ee4ecbef7523164cc02bcb5fa	0	POS001276	1
nds-9543083cb9a310e8561ed6026afe021e	0	POS001277	1
nds-5fc0bbc19825a35dbcaa48317e902c3f	0	POS001278	1
nds-e2cf7ebcedd0888959c76ec32b327f64	0	POS001279	1
nds-b17323ebd9dc332740ce26953adde1a5	0	POS001280	1
nds-21bc970d7a12685cc8be473967940fde	0	POS001281	1
nds-35100dcc4fa8087aecc5a25a81332ed1	0	POS001282	1
nds-f6649865c5a2c34af305059f0d0d95f2	0	POS001283	1
nds-32af9572e491af93f35aaea7529a9e2e	0	POS001284	1
nds-b9dd5293bcfe281bda40ea0751c36fbc	0	POS001285	1
nds-a9761d772e9f332995e7e506f715c31e	0	POS001286	1
nds-42ee507b159728f4d301e2266ed8bf16	0	POS001287	1
nds-f34940145a1b4c870c7b7e88e53e9cc1	0	POS001288	1
nds-d6e919d55f1022f0d9a1da68089cba8b	0	POS001289	1
nds-ef68b2204e5df5807d5a5eaa822a640e	0	POS001290	1
nds-94c809b447a093f0fcbd1c9e6f6d3d7e	0	POS001291	1
nds-b1c8e5c65d4dcb6ce3f41ce5a16ecbf4	0	POS001292	1
nds-e648e4dd9504911724b41be09f845fca	0	POS001293	1
nds-c55977bd3790a1b9bc018ffe61c3753c	0	POS001294	1
nds-afe66d7b69cdcb67ec2e30e0fcb72e94	0	POS001295	1
nds-0d3be34b401f1bf376f17a901c06c9bc	0	POS001296	1
nds-d441e0f3371f73133ddedc85f84fa563	0	POS001297	1
nds-75bd9801b8daee73b428f2cad9ece4d5	0	POS001298	1
nds-be283fd7a6568d81592f6ffdab43c1a2	0	POS001299	1
nds-d84d25186e5be1b1f99d3ec53e5d765e	0	POS001300	1
nds-c281085e3a09e2926417cf70394516ba	0	POS001301	1
nds-d9b0a2482ce33722a7a1b24ea650c5e6	0	POS001302	1
nds-3234d2bbc598a016604cc63c9bab52b4	0	POS001303	1
nds-3a85813b1a670599a45702efd8212b97	0	POS001304	1
nds-48c746c8e815031f447a75266e7248d7	0	POS001305	1
nds-41a60d005ac19cca5fedf02e85cc0fac	0	POS001306	1
nds-37f1fae578318cbdf60bc5aef4713ce1	0	POS001307	1
nds-7c481342ed05a084b447e6656c060f02	0	POS001308	1
nds-5eff4fd9dcfd373e6bb16299bae8cc3c	0	POS001309	1
nds-b1b8e91959867b4afa4371643c14d46e	0	POS001310	1
nds-b831133a13f0eced171a34e767659639	0	POS001311	1
nds-83610c6b7a68b6bade24a776ab3643b0	0	POS001312	1
nds-05bbe1918dbfe801b45c067abd68b9d5	0	POS001313	1
nds-e5cf951db4a8926275999f6b07faba41	0	POS001314	1
nds-636662f2e7c584fa59e96b65bb85f678	0	POS001315	1
nds-0549764259193cbcdc129edc8401fdad	0	POS001316	1
nds-63c2b30dc341cfb35152dcfbc192c132	0	POS001317	1
nds-b49af3c3aae5f71fe3e1d8941612466c	0	POS001318	1
nds-30eabe7e4066d325004f635a194dab07	0	POS001319	1
nds-0fc8053162fdec095561d1d83e25921f	0	POS001320	1
nds-7c395ef8c8176594e32230478ce04039	0	POS001321	1
nds-1bb23489f073aab262b0378548ddd4f8	0	POS001322	1
nds-afefd9a6fc3fe91b101d383f3ae3b86b	0	POS001323	1
nds-851fda733937d62113c5bdaa316a2a8f	0	POS001324	1
nds-2e443c78574fe0040e137bb5fe14e538	0	POS001325	1
nds-153d8e8bbc5be79657ed3d0e57dfd5c0	0	POS001326	1
nds-ae7933857efe262a6cafc140711fe546	0	POS001327	1
nds-07b7fce70be21893fabdbcb3c48d5b65	0	POS001328	1
nds-78c024bf5f7f747cb65bf9b6543ec9f3	0	POS001329	1
nds-16f9542b0c29aa555f176be1d07cad43	0	POS001330	1
nds-8f27fa840a1d03ac5f1336c50d475255	0	POS001331	1
nds-5c8166305772263c7420d3bbe63a767a	0	POS001332	1
nds-ac73e6dc29df916c3eb0e4f376ea7aae	0	POS001333	1
nds-fc5be6e4362b29311a8089e5017716a5	0	POS001334	1
nds-9e83121d4dbe5c0c841217d2032d5da6	0	POS001335	1
nds-8377e038545dc180f4ea4d4929e6aebf	0	POS001336	1
nds-171c32e045cedd53a8386fd2f788507d	0	POS001337	1
nds-f6661cd6f53e9d2a19ab92f3f7c1b817	0	POS001338	1
nds-74bffe83e793bb622438c788c281a66c	0	POS001339	1
nds-7f49ba2f71fb5eef70ee9b5ce81679b2	0	POS001340	1
nds-c963f9d9ac33578679328693f7cfd7a8	0	POS001341	1
nds-23023e5308a775f33582994f829f4a6f	0	POS001342	1
nds-2d8b5175cb32e72f84f68e6e58218f40	0	POS001343	1
nds-09ec512baf73f401cd13c85568ab3c38	0	POS001344	1
nds-239d39350ece179a38acd283353554b4	0	POS001345	1
nds-9630b7c45b426c8e18c8c179b8d05aee	0	POS001346	1
nds-ff1f599aa1fd9ee2c06d54a1aa24fa80	0	POS001347	1
nds-4f5b45dc28863070e4747bc864315b28	0	POS001348	1
nds-5873b4eab91773e2e2bb64a50092bb63	0	POS001349	1
nds-aa8f85a86d66c43bfd9eb7fc511d99fe	0	POS001350	1
nds-85aca905e3b0422cded97779aae24670	0	POS001351	1
nds-7c24d6d04824b0a9e00d67414ecd7be1	0	POS001352	1
nds-7e0ea86bda20d297c148d80adbc2a96d	0	POS001353	1
nds-fa2fab84b755d0793f4b6b07c5fdc482	0	POS001354	1
nds-cd54cdf1d7144ab9ccf866155054aae1	0	POS001355	1
nds-66774dfe6df40efa940aaaff2ad694c8	0	POS001356	1
nds-f46d0ffcf9e8e726bb53aad6d45d2bc7	0	POS001357	1
nds-d048377557a24dafe2d1c627db6b22cc	0	POS001358	1
nds-61f42c41a5795c227de3d73db2dadd50	0	POS001359	1
nds-368ab76226815bc076d5ba4714e167bf	0	POS001360	1
nds-67959786ef8fb4c19f4790e6f64c5527	0	POS001361	1
nds-0f6d15a99c0d5f4ecf3a172d5fd424d6	0	POS001362	1
nds-0fbf533094e45759d6ecd0a557687ac6	0	POS001363	1
nds-e005996e1676dd1a0d7a2185dd24c2bb	0	POS001364	1
nds-0af72a51ff28760259a82936b35707f7	0	POS001365	1
nds-e5cea1d0120a64c791ec0d153d67fa7a	0	POS001366	1
nds-bd1c7c596e3305abce0100e36c45c06a	0	POS001367	1
nds-c87d6f9ca2b9381c2114bf987caae880	0	POS001368	1
nds-a183cfc08a2035c76e5f729b6ca84429	0	POS001369	1
nds-76586fefd84352f13e618d067eb9d414	0	POS001370	1
nds-0a28def4a4e4b64fa6ddc2d9f11e35b7	0	POS001371	1
nds-f9acbc383bf3e58833271eaf2275f6bd	0	POS001372	1
nds-fa315f5ba50c114df0e416760b58a15c	0	POS001373	1
nds-9ae5a1dfe47f11a9ffb98597a729ae8e	0	POS001374	1
nds-dc6a29dac2f6cfa7097a1ce306f135f6	0	POS001375	1
nds-255330443e9c99e619fe737ace896547	0	POS001376	1
nds-0fe089f470e64ea7f5d224739f990f9a	0	POS001377	1
nds-72bef9b06550a2b0597127c1832be14b	0	POS001378	1
nds-be91e3c69a44ce6447fd00329ca57df2	0	POS001379	1
nds-7417a70273fa32b062e1fb1ec72056da	0	POS001380	1
nds-f25f6e7fca386a5e0530361e94c5d2fb	0	POS001381	1
nds-2e59aaa7329940dca97b3a49e75166b8	0	POS001382	1
nds-940b1de761f242335d134ec85e0050a5	0	POS001383	1
nds-098a0e887008453e5881df2f16abe5f1	0	POS001384	1
nds-71cc372e3e73d6bea21af2f6a909a22d	0	POS001385	1
nds-45a47c3309a95f53c4c8c1a1b815d302	0	POS001386	1
nds-03da58f72659ed026d8e5701595d63dd	0	POS001387	1
nds-f38b5ab1bf31e6da181b1e2de67b77db	0	POS001388	1
nds-776865712574a9ad92773bf524209206	0	POS001389	1
nds-46e1ea1659bc91d375fe28281f25ea85	0	POS001390	1
nds-c601ed7318556f51b3a77693c7e97ed3	0	POS001391	1
nds-71547a310e746ab027467273d87de189	0	POS001392	1
nds-d82bfaf0a0d4697caf98f4d96f3763d8	0	POS001393	1
nds-ff3bb338386e40a6d6d450c4277dc7e9	0	POS001394	1
nds-63ccd1bc185704fab008a32a5b2736ea	0	POS001395	1
nds-641cd904adf2d561ce42c3260d452a13	0	POS001396	1
nds-71e347a21bd9f5a66ca9fec46e09b254	0	POS001397	1
nds-bb7acdfd7174cbf51c74694f302db85c	0	POS001398	1
nds-45cd177de43f1c1d85569dc5b1eec8f9	0	POS001399	1
nds-f22c057e28db84de57cbe2d57a1f2e29	0	POS001400	1
nds-8a40a8f49ef26d090e745e8454f9d979	0	POS001401	1
nds-e9f29caa00c48d2d81ba5135be53742e	0	POS001402	1
nds-516a6ca914e3172592c8226d5d46f773	0	POS001403	1
nds-49d039e12575e53828592fbc83ff9671	0	POS001404	1
nds-037b6becdc8eda7193e6ce50aa4a9893	0	POS001405	1
nds-90df3293652ba644e3b591021c5c1879	0	POS001406	1
nds-275b71c2c18576c1306fcc24de1b3f63	0	POS001407	1
nds-00f5da6da2c472cfd15afc6a6411ca0b	0	POS001408	1
nds-cbeebb3da567d1e9d69e779358fb1e71	0	POS001409	1
nds-b7dd40739d3daa945950dacb5198522e	0	POS001410	1
nds-49cdc815cc1276c724e78ae1ccc7043c	0	POS001411	1
nds-0528c17777f3184373bf17a0024df501	0	POS001412	1
nds-a6f1776d3491303e2d00cf088b2490e8	0	POS001413	1
nds-08911f2ccf42bf6c70a43a2d7e745f49	0	POS001414	1
nds-bfb25560950deb2a2314d0bd1691ca58	0	POS001415	1
nds-e35a4e8acdcc43cd3ce2e98d092c0060	0	POS001416	1
nds-4119c98c7726024a1b73c4bc747fb428	0	POS001417	1
nds-ab8824d9e9f0054d08470565215bccd5	0	POS001418	1
nds-1a979f9c2b0caf6aedb7845f9f74f04d	0	POS001419	1
nds-f1960f5fb1a6310081f469b3feec515b	0	POS001420	1
nds-f0e917daa805c16d5279ffdbfe24288a	0	POS001421	1
nds-cb4a9bd1030c118edab71c9f3183d912	0	POS001422	1
nds-cb4a9bd1030c118edab71c9f3183d912	0	POS001423	1
nds-bf44fdc55594e849ad590587c2057f0e	0	POS001424	1
nds-510872d0bb4c298d4ba42035e59db3be	0	POS001425	1
nds-2461f414523ed7ec4634eb4441fb4dea	0	POS001426	1
nds-17ddbe93c20443925e7df2c967c57459	0	POS001427	1
nds-8cef8f906b5f6537b9113a8dc0191808	0	POS001428	1
nds-e0ffd6ea4784f30dda36e71fff13ccb3	0	POS001429	1
nds-cfc3c13da0c1fdefeec588e95270c672	0	POS001430	1
nds-0975c610fb539b85693a61aa450a7c61	0	POS001431	1
nds-0095b5dc2384b07a78a2bbc68f513345	0	POS001432	1
nds-c7ef929d917c224e8e7cc8b257b282e9	0	POS001433	1
nds-6201fc23756276d124829c9f01be6f58	0	POS001434	1
nds-028a152286a1f77e1807fd785f0a2c8d	0	POS001435	1
nds-7bb7a6a85cf29147617ee217bda9af5b	0	POS001436	1
nds-8d255aa8603a657250e91d72623863ac	0	POS001437	1
nds-a09b0cf35ace17bce25c32cbe0b852bc	0	POS001438	1
nds-1c6159b9ae9eb0983366f1bff2f26e7d	0	POS001439	1
nds-2092cca99c184abd55eac7ba63852109	0	POS001440	1
nds-db371be3a8c27ee8a84ef8291f2b3b96	0	POS001441	1
nds-d2e6f194aa9bc21819f21d854a556450	0	POS001442	1
nds-4a3244abc210aeb510d0cbf0ba587802	0	POS001443	1
nds-5e472aa1ede89ffb2c65224a605b4213	0	POS001444	1
nds-27ebbcf76f854fa26aae67f6a9ce9524	0	POS001445	1
nds-319c2cae3d9e82750abc1a1ece091081	0	POS001446	1
nds-90d614e4656a3283c7f7f5427e403316	0	POS001447	1
nds-5c0c97b98c602ae44f39b1231efc7223	0	POS001448	1
nds-6db46ecac3a6e4787bdf6f193caaa5ab	0	POS001449	1
nds-648f18a32732928013989085a7dc06f2	0	POS001450	1
nds-3e664547af04b6121980f90a89780a03	0	POS001451	1
nds-dc660870173478186faef6af6daab97f	0	POS001452	1
nds-7ae60f9d071acf27770e99c8d9df6116	0	POS001453	1
nds-657d465d7fea8088f9ce435c7785145f	0	POS001454	1
nds-9931b494836528df53bbcae6f6da2d14	0	POS001455	1
nds-037d9c3811a2a307adfc254bf5a175ed	0	POS001456	1
nds-9b8b2bca296f0a97dbb0ec0dd80857e5	0	POS001457	1
nds-3ad3ce03fff288e97b3ea999b9927ff7	0	POS001458	1
nds-294fa8ce46b61b90dc026a40b11dad28	0	POS001459	1
nds-da71c3a2844cfc3c5ba4d12c1794e0f4	0	POS001460	1
nds-4ace1015de7937b2e71e37666d77fbc2	0	POS001461	1
nds-04fcf1ccf597a6b054afc6dc86010070	0	POS001462	1
nds-b8c6c1efe0801e326d33454735be18c2	0	POS001463	1
nds-a663814a62b95392b10d90461f8b60be	0	POS001464	1
nds-c52609ab552c5e4ab0169ec9d403dc0c	0	POS001465	1
nds-0244dfda6c3f80a5669b7d4598f6ade7	0	POS001466	1
nds-5b7c4541c69065778ffc0f2b93598a7b	0	POS001467	1
nds-e3b7b443d56e8c2ff922778981b3be15	0	POS001468	1
nds-53da1ae33637212eae082e06213fcfeb	0	POS001469	1
nds-c95a23fc18281d16f669f7709299d22a	0	POS001470	1
nds-4f40782e57c0ff086cf644356eacc0c5	0	POS001471	1
nds-bbf6da7de173ef6b98e51f47eced3b8e	0	POS001472	1
nds-bc309afe7eddfcdf8a598842dec19238	0	POS001473	1
nds-3673749a86ebcb3f5b5d38bfa6f3f16a	0	POS001474	1
nds-7c7822b0c051c8efc6166f6dfaa9bbfa	0	POS001475	1
nds-c2410781870372c37f1c445a6b5c1d34	0	POS001476	1
nds-49c30fa7f60ed68f041b90b83b95f2fb	0	POS001477	1
nds-2c0dbcff91c83f27675bb04d44c21e0a	0	POS001478	1
nds-d7bb7e78c0b6afce3d978d8f56d8a7a1	0	POS001479	1
nds-34651168ed63e140f5c375a44ff5722a	0	POS001480	1
nds-68392f2499ed7ca589062898ff0359f3	0	POS001481	1
nds-d6a71d848bee7656f3412c396a4bb1a3	0	POS001482	1
nds-3f8d07592c650fe7d65682b1a666f41f	0	POS001483	1
nds-68d1bc3e045efd84d1ebb340c44b76b2	0	POS001484	1
nds-6d595e6169dd7606274b6f96d91a7d39	0	POS001485	1
nds-2c107c157639e85bbc2b46d20d7baceb	0	POS001486	1
nds-6e2116b6c4d8cf930d6629d2d795a4a8	0	POS001487	1
nds-ffc8b54bfa59c4848651869a92fb0227	0	POS001488	1
nds-466d1cff4c5ff95adefad48e0be67b41	0	POS001489	1
nds-ab1681e81d2ce953d42ff732edbca073	0	POS001490	1
nds-446681957582d1ddb1b375991d1ed360	0	POS001491	1
nds-80b0528ecf2f7962b790ebb387d90030	0	POS001492	1
nds-f853e4fa34eeaf9abb2a7e1a00d06c41	0	POS001493	1
nds-8539da282462231a47a2b7acf9710789	0	POS001494	1
nds-9fef2e2ea064179ad82982e9f068f4eb	0	POS001495	1
nds-596d96ecc16808c86ee1c6c50ab28c49	0	POS001496	1
nds-dc0910ea6744b27444ea7201c8fdac71	0	POS001497	1
nds-93220581081556148fada026775def79	0	POS001498	1
nds-daa922471852b62b9a242a032d8543d0	0	POS001499	1
nds-7df903654e70090460dc9fbbac9ce159	0	POS001500	1
nds-f5df4e6abc5524965d4c0ead917e1b8c	0	POS001501	1
nds-b215e65ac152c5e7786cf396f67c68e7	0	POS001502	1
nds-98a6c5d51d246bb43eae031fa31d8cc6	0	POS001503	1
nds-3697a411ee5b407d8f4be42df8303b4d	0	POS001504	1
nds-25c34ae87a43bbd33479064c37fab2f9	0	POS001505	1
nds-64867b9d40b0885cff8ce21dadc7e644	0	POS001506	1
nds-1825a4bf0a822e521e65ed9146113c96	0	POS001507	1
nds-d921d211dd75311447c3bf1994b2328a	0	POS001508	1
nds-8044f3fd23e80760b9cd441f2529d92f	0	POS001509	1
nds-6becccca951e3c0df6fa856ddfd8189e	0	POS001510	1
nds-99e545b55daf217189d8e474cfc375a5	0	POS001511	1
nds-eab52d0eda51762c8a77b730ee5c29d4	0	POS001512	1
nds-7a5515a176bb724d1aa34ca00770f213	0	POS001513	1
nds-098fec410ee11eee385be058373b7645	0	POS001514	1
nds-764bdf7c3d05e94fb33852138ae2c315	0	POS001515	1
nds-6684c8a8bf7a0f5bb1249337720870d1	0	POS001516	1
nds-f2ef5a4af9824c26a025e9b20c11c4da	0	POS001517	1
nds-9e61b4db13a02c4308ff7ef7e9132e66	0	POS001518	1
nds-aafd7cc29face12fe3b8e0a40c74e4d0	0	POS001519	1
nds-85a1be6862faed7ab2fc9d00b2342b5d	0	POS001520	1
nds-5214ffef9e4d7a4eb54375bc2e49f472	0	POS001521	1
nds-7e5fa3bb05a3c6dfac86dcd77ed3dceb	0	POS001522	1
nds-20f7790327b4ccf030e9c469ae431ba6	0	POS001523	1
nds-7a328aecc884ccb6231209ce0ffdf043	0	POS001524	1
nds-484bf842f373ef5a036a05d6a6938bea	0	POS001525	1
nds-aa77215b175c994056123c8b72de6ac6	0	POS001526	1
nds-a3a351141dc98b833e6349a416bd20ea	0	POS001527	1
nds-6817b605a9f65a1a672cef891e70960f	0	POS001528	1
nds-559e0903c0f23af9b6e83f4b420c3310	0	POS001529	1
nds-0f35c1fa156b5b9f9dcb7f81a76b9a53	0	POS001530	1
nds-1daeb22227db56bb6d294e706fda3588	0	POS001531	1
nds-4a04ded9e5fdc7466e24060415a79f20	0	POS001532	1
nds-bb60213a9a15660c79200ecfbd7e281b	0	POS001533	1
nds-d92261ad15e0a953bfe72adda9616184	0	POS001534	1
nds-11ac8d54e6eacdf6a88013395c53efd9	0	POS001535	1
nds-4c11164e2b4e47a1f9b2ee764ee24621	0	POS001536	1
nds-e5b69cf770b6bc3f1e5dea841aab23ab	0	POS001537	1
nds-5d119ee072fe400a977789806d5b9d40	0	POS001538	1
nds-ac49bff5b18d410753aeed9c981187ed	0	POS001539	1
nds-625129ea8202db29249341cb02ff55ec	0	POS001540	1
nds-86cf727c62e649ffc77c658b530cfae4	0	POS001541	1
nds-e9b60d844733915908b6ac27714a0252	0	POS001542	1
nds-f9bcb325279aa865795c1d14f0ac4d8a	0	POS001543	1
nds-0ea0ed5e1f71bd744edb7823fe82c9cf	0	POS001544	1
nds-1b25573dbb218dc7c9d411f170b1b4b5	0	POS001545	1
nds-037a6faca9f1020b83d625c26a1a405b	0	POS001546	1
nds-8a8d885f56f4aeb78dbb2f3b687d2345	0	POS001547	1
nds-a6dce5f45e74374b434f1b5a3626765a	0	POS001548	1
nds-579102f9381ef9534c59b3eab3ca1794	0	POS001549	1
nds-673395acc9782f879733d4b5a0dd2119	0	POS001550	1
nds-d0b3d7a8d69d31d1c00183c818645932	0	POS001551	1
nds-7276a3e5dff46619616c731f16412206	0	POS001552	1
nds-f082da3dc0d5db65456c88a78ad01507	0	POS001553	1
nds-a7e824a064e711c047d7d4f4af38a0b8	0	POS001554	1
nds-d7e79caa2fd2fec75588a3446091a2ad	0	POS001555	1
nds-f262ec84e38a0eeca4dc972494c26b02	0	POS001556	1
nds-7b6af4eeb46b2f0b42c2f24525759833	0	POS001557	1
nds-ff9039dade38a97caf6a441d4cedc91a	0	POS001558	1
nds-01bb8aecfb10f2520f467581e516a01e	0	POS001559	1
nds-d2b19329ee0c187afa9e9800d9017e12	0	POS001560	1
nds-3ac75e2036e404e29181e7e002c9ac44	0	POS001561	1
nds-4ec583077a20c98bf716479dec761962	0	POS001562	1
nds-3c8f5d4d1508c6cc45fc68e1c5b998c7	0	POS001563	1
nds-9c26d20d88fb65775ed6cdfc01b28c96	0	POS001564	1
nds-4e842c828f6af9e388d2facfd4f9dff8	0	POS001565	1
nds-f99e5fdbc20b8d2876ab79f81e5fc266	0	POS001566	1
nds-bb2c1835c9857977e80c632d502f4365	0	POS001567	1
nds-54c8c2ce2750381ada6d1d6b158ecc0c	0	POS001568	1
nds-3d6d41f27ff007bef02d1a519067221c	0	POS001569	1
nds-a149562b522092e180f201a0da9798ec	0	POS001570	1
nds-eda85f595c9807828add4fe89384d256	0	POS001571	1
nds-4ea7a725bbf6a8ab278e9159196e8b1a	0	POS001572	1
nds-465b1a2fcf849c52251f54a0a4603fe6	0	POS001573	1
nds-d37b6c3012dc50e2a09eadae0f9c68d5	0	POS001574	1
nds-ab2e062656f34f6c69e4a09e5d450460	0	POS001575	1
nds-e4f71c898ff9f27cb7a8ff2963663566	0	POS001576	1
nds-7e1257fb407061103f47eb4c9167ad0d	0	POS001577	1
nds-7e7e304a61db8b558831e111b02935ad	0	POS001578	1
nds-30a80efd9626ba5097715d7c2b854ad0	0	POS001579	1
nds-c7fa66fa0ad9aaecd7e006b76db25b5c	0	POS001580	1
nds-89dd7a72a760de85c94ffa6927646a75	0	POS001581	1
nds-d7889a6810815368df12e3cd0280cc1d	0	POS001582	1
nds-27472cb888bf58c017c86784b6a63d63	0	POS001583	1
nds-23174e8c5009d1ac6c371af1a87689ee	0	POS001584	1
nds-775292cb4b66829d0b569747e2888c17	0	POS001585	1
nds-732f1dba5f29c667a87082029695f6a3	0	POS001586	1
nds-b2c86538078d95ccac5d29b749af5e9c	0	POS001587	1
nds-62c06b231587284a785b47a519aad492	0	POS001588	1
nds-94b29dfe7d51f466543dfc9c04c4e130	0	POS001589	1
nds-90b1589c0b3df8b3bf19bf401d256ce9	0	POS001590	1
nds-9fd8d234ba1cf88a8df3ebe955da9aa8	0	POS001591	1
nds-bd21458b88a59a2f77222053860a258e	0	POS001592	1
nds-bdf269f0b26336c2cda32aa4449bd61f	0	POS001593	1
nds-b55c7803a18f4051adf33a98a2f12dee	0	POS001594	1
nds-99a70f7721f0fe70d3d65795ae730400	0	POS001595	1
nds-f803b4cb37d4159dab7cd724af35dfcf	0	POS001596	1
nds-5ec330a6a9f0f0cbedcc915fed0b680d	0	POS001597	1
nds-fff50ceed08c7be67485290eae249945	0	POS001598	1
nds-a9d073e549b5adfe728a420be2b1cbcf	0	POS001599	1
nds-0ca865d4e857664398a169c0693a2da1	0	POS001600	1
nds-d2358a8c7f7f1718aad2ecc6b3800e98	0	POS001601	1
nds-efcf492997cc808d9da4ad008ebd5172	0	POS001602	1
nds-9622c19f2bf2245dffe7bcabde4613dd	0	POS001603	1
nds-9858875773c063d0ca78d9d489a12454	0	POS001604	1
nds-34568e770d5fe50512cb197039d72108	0	POS001605	1
nds-70cabf65c2fa3262f1db2867b37dd544	0	POS001606	1
nds-dd634be17ef9f61143fbc715df248282	0	POS001607	1
nds-9c3d5d6782ec906a3a5673e3978a7b7e	0	POS001608	1
nds-38a0d4577883abd503117d17a4073adb	0	POS001609	1
nds-4dcee1633af63ff66d95f11741d45945	0	POS001610	1
nds-795aacbac6b9e16c5f99b1797e0c2a8c	0	POS001611	1
nds-aff3fce1b65f1f3f782167c6fba86478	0	POS001612	1
nds-bb4b3a450cf461bd03dc83398978e295	0	POS001613	1
nds-f78894bca8c5e9b476810868100ce5e1	0	POS001614	1
nds-3ef47daf5126b491fc306fedb789ab57	0	POS001615	1
nds-41454f01614c6d88e3f25b7608362ec8	0	POS001616	1
nds-a76a7818707000d55e7a7498d533864b	0	POS001617	1
nds-77962efa19efcac4dae56d0fbb1c1d1b	0	POS001618	1
nds-2aab5569bcb0369bc64f53c7b5cab597	0	POS001619	1
nds-87ad4505913c0dd9bb79f2c2ed403c08	0	POS001620	1
nds-eb6127846010e116018cd2cc359e80b0	0	POS001621	1
nds-a82308937ff2bbb90b1955103067984c	0	POS001622	1
nds-a6ff7105335d1bc641b2f63d9333c041	0	POS001623	1
nds-78a9a12e275684cee83d31734072f980	0	POS001624	1
nds-415f73c7430f5df31a60c9a0e086438a	0	POS001625	1
nds-eabc10fadffa3eb9a2ea079455d1fdff	0	POS001626	1
nds-1e53c65e2bc2c3a8794c9fbe5e627d9a	0	POS001627	1
nds-67009bbeca75cde51c5c78c3ddad1341	0	POS001628	1
nds-4ea3ee2d192a888711762325b6d1064e	0	POS001629	1
nds-c9792303ed4dc73cc4e108d6e9265dfc	0	POS001630	1
nds-959bcc9c70e0f6ab0f63acfd7fa01612	0	POS001631	1
nds-0017a5b589cd88016a3148808c15e1de	0	POS001632	1
nds-e5e2bdfc83358e4c8afe9797b6b47cc3	0	POS001633	1
nds-25f43dda9b80d91d9df68ace90d1a054	0	POS001634	1
nds-72ba1c2e70097dafb53062c40a3724a5	0	POS001635	1
nds-c86cd8fd8cfb65a3032045f1754cb0ca	0	POS001636	1
nds-eb6ecf023f9b42eb07622b6ca1b201b8	0	POS001637	1
nds-3a885f4795d612b2c781f3cc4d503fa4	0	POS001638	1
nds-61c8ded7075532b0d8c94d34bdd67c2d	0	POS001639	1
nds-b8224f4c1ce4f0d1f1fe63e6771a1f4f	0	POS001640	1
nds-83de1b87616455630cd893f1cbf64616	0	POS001641	1
nds-9083a1f42f58aa8f73713ef8745eff5d	0	POS001642	1
nds-9d4248cea692e431a90a484f5ee0c365	0	POS001643	1
nds-c97cc48838bf3f27bb97c695e74b25ce	0	POS001644	1
nds-f4646d4c11a9ebf7650316a9de6cf320	0	POS001645	1
nds-6b500e1373dcdf2582153fd93e110713	0	POS001646	1
nds-6473a654c596787200d7e82327c5e792	0	POS001647	1
nds-3e52f78bf51d639bdebc6f5e6d9ebabc	0	POS001648	1
nds-1a763c56737929e2c4dffb4020d242c2	0	POS001649	1
nds-436a3103bc9064a8f620722f5b3d6e79	0	POS001650	1
nds-4debe29d78c76ec27fe088c1e45d4b73	0	POS001651	1
nds-48194d114485eabd20a2482b0dc659a7	0	POS001652	1
nds-2a5446d62d88dd01c3e02544da9342ca	0	POS001653	1
nds-9218d28485678f418567d68f22631126	0	POS001654	1
nds-7bf465fa447936873861f578d74a17cb	0	POS001655	1
nds-6907a112bb80f7f3176a9b3b2b569173	0	POS001656	1
nds-06393631f759b6865b86795f8692214c	0	POS001657	1
nds-f8cd9f20eaefae1b67de9cf60f19c91a	0	POS001658	1
nds-9dc19786bf42bb780967088d78ccf80e	0	POS001659	1
nds-939ee4d51a441a629d4a6dd6e9096f93	0	POS001660	1
nds-795a67c01ce9e1f96788c5a97adc0861	0	POS001661	1
nds-df3290a7790ea310332fa625ea8d1bf2	0	POS001662	1
nds-636be8f036500280738837f8d014b38b	0	POS001663	1
nds-a27327c45e4110b6fa1454cc012b97ad	0	POS001664	1
nds-df320b3411aa3d70ffad6f805146631f	0	POS001665	1
nds-98d7cfa734dbb63a085e982e99349e68	0	POS001666	1
nds-37a256b6e0bb7609ac171410c468a301	0	POS001667	1
nds-8e92da627f43f7f574ba1ce63ebde442	0	POS001668	1
nds-aa7c6d923495daef650dd25ac54a2924	0	POS001669	1
nds-ee78a70afca148467f7ba79f2b484083	0	POS001670	1
nds-1784a9b2ba6ab0dae5b47a054a527109	0	POS001671	1
nds-c9ffdd9fe885df0c76c06e3e29f3c759	0	POS001672	1
nds-3bf15ab93d0d5a8e357c44913726f1fb	0	POS001673	1
nds-cbce73d72f104f11ecc41dbae95999b7	0	POS001674	1
nds-e7f81c684218c9a60b013d48cdbef41f	0	POS001675	1
nds-a1375bf4cc7736a55bc7e0cd3e9d6682	0	POS001676	1
nds-4915c4d04b9888e198f9f19294d1a589	0	POS001677	1
nds-c3ca983bb6d719564f7dc2aa6d72a2d7	0	POS001678	1
nds-4cdd5a644ce00830954d8f9ae846ea18	0	POS001679	1
nds-c250e7d94d9a16f29144f61a0d3db210	0	POS001680	1
nds-2e965eb0eebeff39b23b1a720b55feb1	0	POS001681	1
nds-3f0d2a40a505eac3fe78b9f04480aa14	0	POS001682	1
nds-9865ae3601991199800d62f8e43d3c71	0	POS001683	1
nds-79edaf76df4786478230f00725fd77bf	0	POS001684	1
nds-40eef6bd1f43491e115fdc36b1e65f14	0	POS001685	1
nds-f985b628a7a54f7d7aa1a063bf354607	0	POS001686	1
nds-e9b0f097358c72d47bd5b212fc6e7d04	0	POS001687	1
nds-bf8f5da6db521e6ab4c2079e5f0691d6	0	POS001688	1
nds-aff269c99facd40cde7f4c2db62b1ed4	0	POS001689	1
nds-fa3afcef11f0b22b2f09db0b1cc57e67	0	POS001690	1
nds-c5198dfd68a28c23738bc9cd641b45c8	0	POS001691	1
nds-8f47276c93fcfbdba2909951030a6681	0	POS001692	1
nds-58e6d94c1e6be3cc3ba7e3608bf38ebf	0	POS001693	1
nds-e11dfa2985696c90268bcc6caf411fc0	0	POS001694	1
nds-ccfb1982c80cbeb7395f82b6a7784ad8	0	POS001695	1
nds-f8d9b40b78f56371150043d18352b21e	0	POS001696	1
nds-2a7162b849eaa052bce7585bdf18c242	0	POS001697	1
nds-2f3d68ac18d7b254d33604c96ccf8193	0	POS001698	1
nds-3b828439850038f21af98b6071225ed5	0	POS001699	1
nds-279ccf3ee455aefe5a36452996d8e861	0	POS001700	1
nds-845098c2b03e757395124de3c8bbd41a	0	POS001701	1
nds-038f7c206fc4bbb6924b345ce5915af8	0	POS001702	1
nds-4b1c722d0268b3a14211e2a52f4eb98a	0	POS001703	1
nds-0e956ec5a9f8ea81236934df40e77e2f	0	POS001704	1
nds-8bdb6ff42b233c60f4d1eb4b5397fce6	0	POS001705	1
nds-1f2c0da84c907daec96231aa31c08941	0	POS001706	1
nds-bd137326dd6fe5e8e47c78a597095da2	0	POS001707	1
nds-5678315c32ba68cb4d033292c5fb94b9	0	POS001708	1
nds-2d3a28b9dd218210fcfbbb3203a480ec	0	POS001709	1
nds-f4e765a37af1ea28ff202d61fa9715b5	0	POS001710	1
nds-506e607a5eac707c5b44e7bf728dbca3	0	POS001711	1
nds-201c056faefa1e1053bb7b54b92fcc04	0	POS001712	1
nds-fbfaa4efd5743ac281c20b005c99afd1	0	POS001713	1
nds-1ee498492f6b4d0d9e6283950dbafe28	0	POS001714	1
nds-12a009fb2a8a149d4374b8167dc0c968	0	POS001715	1
nds-60a63a3e515123b8f7612fb4f2f43b6a	0	POS001716	1
nds-35e97dd9863de992b17e5e0bd9fcb557	0	POS001717	1
nds-f3b7743c7727108f70235a9f264f9f77	0	POS001718	1
nds-6413c6686482eb0c7089fa05b105e9f4	0	POS001719	1
nds-2b03b024f6a53d45df8b7b114584a6d2	0	POS001720	1
nds-70382bb9ff46d702fdd2e4297a304c7c	0	POS001721	1
nds-f0884a88fc761cd49577a3d18aec9bc7	0	POS001722	1
nds-9d5efb908eb5d23fa247942741ba0f7d	0	POS001723	1
nds-29526d75dedd140e12378889dc340cdd	0	POS001724	1
nds-addce75064892baefc0c130265722734	0	POS001725	1
nds-b8b0659474648d8f46cee1fa25809532	0	POS001726	1
nds-87b260d5395c6e5343f04a6363dfdac5	0	POS001727	1
nds-f638988ba4a51e5f2f502a7c2f788bc8	0	POS001728	1
nds-9293c65ce7302d2604f87540108d0f07	0	POS001729	1
nds-9543083cb9a310e8561ed6026afe021e	0	POS001730	1
nds-58e591c03050ba7415af478a4ebf6e79	0	POS001731	1
nds-db2ac287cc249cd1338a67a9c03ee4c7	0	POS001732	1
nds-d33a636c27c54797c223dab731333c75	0	POS001733	1
nds-1830205325be3eead1f7e9590d9a8d4a	0	POS001734	1
nds-afff87f2d09c740beff59f81291c341f	0	POS001735	1
nds-0729186727e011e17c3d5166afa8d9f0	0	POS001736	1
nds-ad181d7954763c0b0cb9a3e12445b3ab	0	POS001737	1
nds-d27cc066061c4f238928994e70c5431b	0	POS001738	1
nds-17279d7866b78caff7029a1716eb7912	0	POS001739	1
nds-718ddb2aa72633d17a8e34ea617295ad	0	POS001740	1
nds-bd6255e32889c801763e5bc32df06ce8	0	POS001741	1
nds-e990056945264f3da0dcafee83fa7474	0	POS001742	1
nds-1854790eb7beaa493169977a4af2524f	0	POS001743	1
nds-17e33f4d1445a5ba078f8b6631ed88fe	0	POS001744	1
nds-d11c5c6490a68342cff1c65b98dde3c1	0	POS001745	1
nds-331580e6e4ebaa4007a540231c27162e	0	POS001746	1
nds-b07f02dd18b04d006f329eeb8528de14	0	POS001747	1
nds-de15267c1caa5fd7d33ee8b898c00c56	0	POS001748	1
nds-94716304313de5dc2368dbc2d30ccc66	0	POS001749	1
nds-8b325c1f1dbdb18cf42edd2a1020bfa6	0	POS001750	1
nds-74a30dd7fe5923c9a71d8573614807e4	0	POS001751	1
nds-5e8f72419a37292914e63bea2341054c	0	POS001752	1
nds-052f00a21aeb7519d37df88dfd33a10c	0	POS001753	1
nds-f3e2346320202ea161296b15eb4bb760	0	POS001754	1
nds-b86da9b922cbb74a9be861b0c63b8d83	0	POS001755	1
nds-7a4f985e344900bd891316762e5c7883	0	POS001756	1
nds-bc87b97dfd5eee4d48463ed0fcbc60dd	0	POS001757	1
nds-bbd230b1b65842c6e3c363a72388a7c8	0	POS001758	1
nds-aeabcaba2abe560f57b17201ed78de07	0	POS001759	1
nds-b733ebbcf190410e7b37f86d049759f2	0	POS001760	1
nds-71938423cc0b2432e00a691a9ad2f575	0	POS001761	1
nds-c355052813fb0cbadfcbda6e60aad928	0	POS001762	1
nds-7ec94a47aa0c975931333a4f907fdd71	0	POS001763	1
nds-c563bd741ee5bee21ce50b277bd35354	0	POS001764	1
nds-c0464f35a5e0debbc7aa2903730a673b	0	POS001765	1
nds-c4944c96e4171304bb431bca8ed1c833	0	POS001766	1
nds-d84cf14af6922584077ff7d34e29b054	0	POS001767	1
nds-ac41cbf14d151084953a9dc7c330b183	0	POS001768	1
nds-9f913db297f94698e54c6db40d7f425a	0	POS001769	1
nds-a14d8f008ea7648273fd03dd5b6bcfa2	0	POS001770	1
nds-2749e4cb1ea979d7b49b28a6f96b2a27	0	POS001771	1
nds-5f70cebd880f21e7cb31bfb10487ba81	0	POS001772	1
nds-7c06f3b1f1ab1a97f6c0b4a9a881b047	0	POS001773	1
nds-5e7f0275a2398d91fdf0f8ff129b7f63	0	POS001774	1
nds-8ca5d4a06cd35ca4852016b5154bc766	0	POS001775	1
nds-f5aaf809d41dc6c3f616d37f3b4a67d7	0	POS001776	1
nds-bed94292409ab81b533be48d3718db7f	0	POS001777	1
nds-ce342f9f9d431c827f9773b91f00ea3a	0	POS001778	1
nds-8033c95be622f950356b55d4f6cacf17	0	POS001779	1
nds-36c80eb71620e12086be49bf2b96bed6	0	POS001780	1
nds-4b5be4090cc6e371fc056316b01e9b84	0	POS001781	1
nds-99d17f7081cc8e903611dc1225d282a1	0	POS001782	1
nds-0408fc9e3848ec813f386562cf3b96c6	0	POS001783	1
nds-c95cf08dddbf377185654ef199d2ac29	0	POS001784	1
nds-f8e9a1756d9973507a973da76a403d59	0	POS001785	1
nds-9ba9fd4e567401c06e259a3c19b1f185	0	POS001786	1
nds-2d0ca255593cfb95597a7fb58a967a62	0	POS001787	1
nds-81ea4361bb541749706e389b48026144	0	POS001788	1
nds-0db7bdc8b1735a4dd0442121dd4aa348	0	POS001789	1
nds-3698bd8494381bebb2fe44125d0da88b	0	POS001790	1
nds-770dd5a9f43f5bef16b6866c92cd9dbc	0	POS001791	1
nds-8911368296e03cfdc02a0590721ef926	0	POS001792	1
nds-1cf76a820eb94029526beb4c88df7a72	0	POS001793	1
nds-17599e203fda3a28fd1c1df854e73cd1	0	POS001794	1
nds-ca09474d43736e84bd41e48f52ceb165	0	POS001795	1
nds-5e2f0f218dfaa5915dc9f75739bcd9fa	0	POS001796	1
nds-0809407a511cb54b9250f8280698b33e	0	POS001797	1
nds-ba9700a77e1d63df3a0a42d155eca749	0	POS001798	1
nds-a02dda5fb3b410f2ac1592e7f2ac3867	0	POS001799	1
nds-fed11fd9c18812a380339c8ea49821a6	0	POS001800	1
nds-23ffdc487b50a8d80ed0c9e002b58d64	0	POS001801	1
nds-c3e715dbbda520ae29abd9ef4cc9f3de	0	POS001802	1
nds-452b95bae7001f4f228fc17909a1f0b5	0	POS001803	1
nds-3e52f78bf51d639bdebc6f5e6d9ebabc	0	POS001804	1
nds-513e0f983df854f1995c71a5a98285b9	0	POS001805	1
nds-97706092d86d2713656d5e0f586c18d5	0	POS001806	1
nds-9bdd67917875b088d0d113fa1f4c0024	0	POS001807	1
nds-6b9c6fd0b49074f5fc25848fe20b8308	0	POS001808	1
nds-56966e39c60f207ed7487011e1f739ae	0	POS001809	1
nds-432888405dea9df62c7acdf5d902dbd6	0	POS001810	1
nds-ec1391b57a26af9195363d9d859d8ff5	0	POS001811	1
nds-ba6d9036105781ad970a3f2b3499ab12	0	POS001812	1
nds-85052b06b3b97e2beee977e37247495e	0	POS001813	1
nds-ff1b471ae697897be76657e434b1d559	0	POS001814	1
nds-29d93fa1688e96850461245ec32168cb	0	POS001815	1
nds-7ee7e71ace82ce381b1c7e15e74cb565	0	POS001816	1
nds-d2e6adb47b0adcc39c847d62c8cd1c38	0	POS001817	1
nds-02c9016bcfbab5d993af11f0f89d0ff2	0	POS001818	1
nds-f4aeb5623d5f0cafc24eed41da0acce0	0	POS001819	1
nds-53764f6d67d7cf613d0996c2237f9ac2	0	POS001820	1
nds-5fdda5a14aeed704809dd8259360503e	0	POS001821	1
nds-c70516b663235b5e90fc1b68d891b20e	0	POS001822	1
nds-5d4565d2c7e6dd0d3e408aa97c138aa4	0	POS001823	1
nds-fa82619b5881dd3bfa96918529073c4a	0	POS001824	1
nds-aa44db8edf24def44757d865bda457da	0	POS001825	1
nds-931a7d623850a80f178d28513fb92d7d	0	POS001826	1
nds-18cff0cd3cba8881b44040ffd6fbd0c1	0	POS001827	1
nds-85b6af677d8ba00cc099b19f6ce33706	0	POS001828	1
nds-ac709d99c383e915ae924bbbcff1393c	0	POS001829	1
nds-8ab77433fde8964935a66649a74c8607	0	POS001830	1
nds-b27df4c61dee589b6ba5b3cf52731e07	0	POS001831	1
nds-4ceff41316c88c1f7953a27900997605	0	POS001832	1
nds-c60c504c8927f05fad066d95c049aba5	0	POS001833	1
nds-5e81c9f56fdfcf87cab15f92bcdf7dab	0	POS001834	1
nds-e41207ab92f4487b0e5db8ca5a203111	0	POS001835	1
nds-995ea1dee606e3bfa8f7cf57ed49d1c8	0	POS001836	1
nds-f66515dbb7b81540bc2ef8c2bc59cd20	0	POS001837	1
nds-f72eda42a887809a2e2286d39e0940c6	0	POS001838	1
nds-6002d3558830dc082859378b9cda3377	0	POS001839	1
nds-ff272c592c43dedc528cd64dcdfa9825	0	POS001840	1
nds-0af8067d05ce20f49aecda21e8a880a3	0	POS001841	1
nds-928ce454fa01e198d5415e1a048895f4	0	POS001842	1
nds-e49326b2620293dda5341e35f9e1c16b	0	POS001843	1
nds-49d23f15cd2b5eadd46c262c4554a084	0	POS001844	1
nds-309c57e5c39ddbee9d983a0f650e96da	0	POS001845	1
nds-0a5b8b302d81fd4ebf412436d7d333ce	0	POS001846	1
nds-84629726242fdfa07ab4adec5cf2e3b8	0	POS001847	1
nds-81bc3a61ff99d5ceebf74fb117642fcd	0	POS001848	1
nds-29807141977cdef435999053b481f8c1	0	POS001849	1
nds-9cbfa1df672c11150f07e518fc9b23d7	0	POS001850	1
nds-716b900be9d20fd71d1d757c1519f8be	0	POS001851	1
nds-c6af4455f58713670579d875ab83c1f3	0	POS001852	1
nds-8aa5050917a5dc7c8cb391eefb057d8e	0	POS001853	1
nds-7c00a4a5875627633cb7f17e8cbc7d6e	0	POS001854	1
nds-70cb6e44b41dd46f538bf1bd4a53520c	0	POS001855	1
nds-70cb6e44b41dd46f538bf1bd4a53520c	0	POS001856	1
nds-028ced3d2d1385c6eb389c7d7d49baab	0	POS001857	1
nds-6a88ec5e1a70336047a2bae284851cdb	0	POS001858	1
nds-f232c766ec500b1ebe77a6c55c9ed564	0	POS001859	1
nds-4300878afeacf125b9a6f5b7ee977a13	0	POS001860	1
nds-b27f8a9d8331e8919ddc767fe3770c34	0	POS001861	1
nds-a8e0d9a0223566a83a8c7deffb2ded32	0	POS001862	1
nds-eeb5ea38f8e5e51df6c36fecb290a96c	0	POS001863	1
nds-17abaaaf9ab0bf7ae0efe3acb456e132	0	POS001864	1
nds-4fe6522d1a441a6eacea23e22746eb5e	0	POS001865	1
nds-cc640aef1ea84c3f5c17cbdde7ad8d3d	0	POS001866	1
nds-2ebfef73e66073f689726dffbde0d580	0	POS001867	1
nds-8ebdf1a660e4e9259cb48cfd0fc6e2d0	0	POS001868	1
nds-00144686bff7bd128716535de7c846b1	0	POS001869	1
nds-8790e1a63d3f1957999d3cb4086c83ea	0	POS001870	1
nds-7b9fb9499cd196fffaf2e8cfc87260a0	0	POS001871	1
nds-a2577a15e0528e12c4fe75d1d5db565b	0	POS001872	1
nds-225e9da0f7ab13e3d257c1930a122d72	0	POS001873	1
nds-0e7522fdb9a45165c80efb6e88070102	0	POS001874	1
nds-ae06d8c01d20bd1897f2f5cf46d8dab3	0	POS001875	1
nds-a989c23cbdd740901cca4fdf2e813c75	0	POS001876	1
nds-f71b87fd3fa5e577862946b51879e93b	0	POS001877	1
nds-b50e13059f3f0058a1a8a90db7e09194	0	POS001878	1
nds-004113b0276c3a5d196ab3f6aaf1f874	0	POS001879	1
nds-2993107374b5e7b0423e1c8ad1907114	0	POS001880	1
nds-f43e6a6bfb2f5ec122537ee877a612fe	0	POS001881	1
nds-31df959ec50d24cdadfdf95883e5d306	0	POS001882	1
nds-30c5084a448b8b03675b4e06e3ad09c5	0	POS001883	1
nds-547b23a060413fa0f6734164d77d00c8	0	POS001884	1
nds-e087bb7606cd6a38595e44a8cc1fc351	0	POS001885	1
nds-52164c834014a7bd39deec18ffe1c97e	0	POS001886	1
nds-adfdcf72eefbb0f3b8d9292a9559eea0	0	POS001887	1
nds-3e515822dbbc81109beb70fb95f6b4ec	0	POS001888	1
nds-f1fc22e1c9148cfba4a47b2f975f3780	0	POS001889	1
nds-6eaecbcb8eb78542937d17213a1616ba	0	POS001890	1
nds-375eddec63204de3ff42174fa965f455	0	POS001891	1
nds-2c5d2d4f4e75ca84cc44d7a733c4b4ab	0	POS001892	1
nds-844544d02843cb69c75649fd7cbc5b4d	0	POS001893	1
nds-4998855349d521c8505f76de8fbdbda1	0	POS001894	1
nds-d5e6271b439def4e90c1fa28b27436fa	0	POS001895	1
nds-d5e6271b439def4e90c1fa28b27436fa	0	POS001896	1
nds-e5a5c2dbd2c12b7d1971c8d693accc36	0	POS001897	1
nds-028628cb80bb97c29861b377fdb12684	0	POS001898	1
nds-31017296653dcd7cf619751872396d99	0	POS001899	1
nds-60bbf59625912bfc40e73c45bc71b13d	0	POS001900	1
nds-c8cee64b7634d7468c3d9a2f4ca79a9f	0	POS001901	1
nds-6518c789f30134a67c149e686694b890	0	POS001902	1
nds-a5dd45c94fbc577754417b29f0b31e27	0	POS001903	1
nds-2284be6488056f779389cd4dbb314733	0	POS001904	1
nds-dcc77a09d56ff3fc89deba4d3e12c574	0	POS001905	1
nds-226c24a3d04868b116129481ce1e85ed	0	POS001906	1
nds-03674d52969574dd27cb53c88db894bd	0	POS001907	1
nds-cad95a17e91396be1f6358a71f49ab8f	0	POS001908	1
nds-63ce34c3353fc7fd75d42e9ca245c51e	0	POS001909	1
nds-ffaeca10b58b76b12a5a396a72c7074b	0	POS001910	1
nds-2d809eb4eeef3b040c07f31071448cbc	0	POS001911	1
nds-89bdfb51ff882073ca9381927c2a1dab	0	POS001912	1
nds-70f240acf7ef9f1ef2c04d3df15f6cbc	0	POS001913	1
nds-15ca30c76f9718fe94b833b1934ab493	0	POS001914	1
nds-e664f05b34ea9ab6bd2244beb93ab132	0	POS001915	1
nds-2c47d80516abad6921259b37a66e0b1b	0	POS001916	1
nds-6591db98e6cfb70c9906bb267fe1f5c9	0	POS001917	1
nds-b8af57abf9b6d0720ddf3b35dbf5253d	0	POS001918	1
nds-b378bcf3b18025c6f65ad9c1eb44bce2	0	POS001919	1
nds-333017bbb4da670daaca5ab933f33ad4	0	POS001920	1
nds-7ee7c1209e985c92545fc4da5a9fdf17	0	POS001921	1
nds-39acc477e8bc6c65e494e2b9a06405f0	0	POS001922	1
nds-ee1835efc068400a74572fb5f1fe5375	0	POS001923	1
nds-5ffee3336d3d222a77a7f4066b8dcc19	0	POS001924	1
nds-d8898aad19706496acb6ef85972b3072	0	POS001925	1
nds-a36fc8e1f597e3fbdac879ee0144d26b	0	POS001926	1
nds-ec9884bb08cb08bf380557143b5c417d	0	POS001927	1
nds-3eecce16656f3c123b7018e74e4e8eca	0	POS001928	1
nds-e466b8863d4097f3da06f980c3c445a9	0	POS001929	1
nds-d059c1076b05508056c13f1f0515306d	0	POS001930	1
nds-9ba542a77ad56b816410607a43332771	0	POS001931	1
nds-f91d435d843d5225711b21344050be56	0	POS001932	1
nds-cc91bdd5d19140546f3e9458af87fcce	0	POS001933	1
nds-75d5eace9bc29f9f5f626110e419c36c	0	POS001934	1
nds-ad694d845686ebed373db205222df5d0	0	POS001935	1
nds-52d69248472e025d19e97999155e05e9	0	POS001936	1
nds-2cb94f00bc9b50c823021264b35273c9	0	POS001937	1
nds-be3f29b974bf9840e21c413c158f1010	0	POS001938	1
nds-2815321ec67f1dad99ad772ec637bf95	0	POS001939	1
nds-123114f189e4ff23627589657935cbb3	0	POS001940	1
nds-09901527638acc0f1de7ed4ff225bf2d	0	POS001941	1
nds-533d8447174556370b0dde1891f8fcfa	0	POS001942	1
nds-13c8e8ad32f21b57bb02de5218bba1bb	0	POS001943	1
nds-21e79d1e95251304a70f22c84c70cf42	0	POS001944	1
nds-88582766f63ff8177d84f9b18ebbce3b	0	POS001945	1
nds-c56e2b53dde0c568f49b750dcebabb70	0	POS001946	1
nds-6283e73a8c8adbe12f40ad2005c50a55	0	POS001947	1
nds-11b14060b0bac8a7ae7d61766c3999c9	0	POS001948	1
nds-20f82f121d597f9a4f6238db7087f1f3	0	POS001949	1
nds-55d3964b327099681d7ffe57dc766551	0	POS001950	1
nds-e0d0b3c5162170eaa2fd7b909c61f5c9	0	POS001951	1
nds-d0617704498c88979e17965cfc7871d8	0	POS001952	1
nds-76abd7425ba6c089fbcd7eea2b5012af	0	POS001953	1
nds-9979b28f842fdebc72ecae7e51cb9c07	0	POS001954	1
nds-323e80954fe0dcf2fe17c9001bd142e2	0	POS001955	1
nds-510da3ac5b104744cca6d2df05edc753	0	POS001956	1
nds-cab8a03e94ecf48229190b0335d8b44f	0	POS001957	1
nds-5607d114eed7c3addd643f95e1ed5d1c	0	POS001958	1
nds-73b010761f3e76b468b28767ff24a3cb	0	POS001959	1
nds-79b989f230284aa693ec456ea6c7a4bb	0	POS001960	1
nds-af26da55c2bd33ee9ef99a5c48204905	0	POS001961	1
nds-bf0a2430de43274c19ccdfedfd13ffb5	0	POS001962	1
nds-92058c3252f8316fa7b69301cbafd2f0	0	POS001963	1
nds-768bdb0cf2e20c500c78299c1bf4268d	0	POS001964	1
nds-e07651b5596af6f6146e2fef2a136a07	0	POS001965	1
nds-8e6814025f25740bd8f573168576cab5	0	POS001966	1
nds-d3fdd998d120bc92612772f079ffb06c	0	POS001967	1
nds-fa2731f7218566d7ef012dfa8f07567a	0	POS001968	1
nds-8a70f196c4322f38b02b69326001e2dc	0	POS001969	1
nds-969377da019157a5af5764a4a50c908b	0	POS001970	1
nds-bd243725bbb24d5cd4bffe7cc3d99ba4	0	POS001971	1
nds-a214be2811318ac1c0be7b3d746c70e7	0	POS001972	1
nds-22af02ae1862b8e8b35d366aa35c654d	0	POS001973	1
nds-be1b0a648fc03bf937becdf8a645c640	0	POS001974	1
nds-4f8f0058c6bfd40974190d2beb9f1a22	0	POS001975	1
nds-ea9fba892bbc5fe99042129d0d749486	0	POS001976	1
nds-d162e8a46eca69d5750e52148025eca2	0	POS001977	1
nds-86721bdaf42e64940ac8213119e99817	0	POS001978	1
nds-456b48534c73507567bbcd8894b9b685	0	POS001979	1
nds-cdf2f6d49dbbb8f7745d3d1477af9efb	0	POS001980	1
nds-af3594fdc585bac2d341c08d18ead73b	0	POS001981	1
nds-925c60945dd9099c5dd5d67fc36f0538	0	POS001982	1
nds-a139c686c99885a3cd5c2cd4f8a47dea	0	POS001983	1
nds-03cceecaf3f9c2491b70dc69bc547b50	0	POS001984	1
nds-799f102f1c2f34f6fb1aaa8ea6883b00	0	POS001985	1
nds-234a2066e82e6bd83b0d5a33465958ce	0	POS001986	1
nds-638a8eed7f8e12267ea133534acec8f0	0	POS001987	1
nds-57ce12d3831f1b849b5acf9a76c8ecf2	0	POS001988	1
nds-91ff02b5b32a0fc2eed739c2c8b64610	0	POS001989	1
nds-f3f919281948b0f45929367337a6e134	0	POS001990	1
nds-bb1e3424851fa7cabdd205a117271f6d	0	POS001991	1
nds-e4df4def9c2b006c7be0985269414ac8	0	POS001992	1
nds-31c5131c8bb8160fe66277c23d0249e4	0	POS001993	1
nds-504076b35fa8bfd96a1afeffb171de5a	0	POS001994	1
nds-b7c92bfa25e2d54f464c88056358eb8a	0	POS001995	1
nds-1c968d79efa85c55f9416c3433c93a2b	0	POS001996	1
nds-7c9ee58f0838bea392daeb16e9bff8b7	0	POS001997	1
nds-bdb8a9ad90fc646d18e0d3351e2886cf	0	POS001998	1
nds-dedcd50034cc617eeb2e04046035af7e	0	POS001999	1
nds-91c7ea65d00fd586565f916663ea4367	0	POS002000	1
