en-3ad2685432b4854f183ffd0e29d62777	0	NEG000814	1
en-634fc9107574135c5089e635acbe289b	0	NEG096184	1
en-9df8b1621679af1a103c1e3ff7a19eea	0	NEG094105	1
en-f5956d74208295bed570120f3de02aed	0	NEG035744	1
en-aa41d683e40c6ca7c795d4eea902e947	0	POS001327	1
en-86fb2f5ac363b2e98bd39f7589b1ac81	0	NEG062686	1
en-6e03648024466f3012ae760cf2296a45	0	NEG083061	1
en-81758b5b969f7d55ef8690d7c9c99745	0	NEG088228	1
en-a60da8162df2971ed59d84dfb51a13ed	0	NEG095200	1
en-f4270a3af10161c8be24345d779f4c77	0	NEG058400	1
en-7f0422e6894ef1100ccde7a6695e4b2a	0	POS000049	1
en-2de10aab95c32c8a9176748ae552015f	0	NEG086381	1
en-59d7f60fff1159bb1b18a6ffa69ddeb9	0	NEG089981	1
en-5235334f6f8596c5cfb2ded1c215d8dc	0	NEG078367	1
en-2ec3e77f2348b9674da4f53ccf7c6a79	0	NEG006506	1
en-82e0e20f29f9f78c87d39adda5de91b4	0	NEG038385	1
en-14deb2c058f006a909033b975e1030ab	0	NEG065485	1
en-c2d0c2d8549dcac0678df976133381e6	0	NEG018969	1
en-88805c04b352af00df412ee5cc2dcee2	0	NEG023822	1
en-7c86f214505800f6a68d3da412378587	0	NEG013695	1
en-9139760c27bccd1cf9786c2e4967d80e	0	NEG087437	1
en-b71732f565809d2ce2ddd4d518b138ce	0	NEG049360	1
en-4f6a391e8b6b2b99cf5a1158315e6777	0	NEG002143	1
en-1d42010db055bf8856ff3002020237d1	0	NEG081406	1
en-cc94ac7da9dffaa94d648a13f3c84839	0	NEG044149	1
en-e692ed7ae09f58db6015aeb4f7019c5a	0	NEG003745	1
en-0242aa9f9da6b223206829b3e21bdb7a	0	NEG079002	1
en-49b7b1e945ec82f1ae69e245c1a82e8a	0	NEG091584	1
en-f0e63b51cc17564d2a0b6c9ee9fecafb	0	NEG009102	1
en-af7ffc24abd7846ac2682a8947367e6c	0	NEG086021	1
en-08d01568a45d0cf9769866547533c6ba	0	NEG083898	1
en-bfe1f87147b5626ac36fd3afb4f1ac78	0	NEG007819	1
en-e141ceb8cbe855cf79607c327f643c82	0	NEG096677	1
en-5a6dcff9f61b041c77c415bdf7e2c439	0	NEG080651	1
en-6f400c98e464b75193fb4d522267a4b1	0	NEG056253	1
en-0cfab8b2e07c0c2dcf71cb68f039fed5	0	NEG087379	1
en-5ac186eb74411dd71727ca0ae3d48aa8	0	NEG082807	1
en-7a70fe51d67cd89f76329d15bde0bd32	0	NEG030570	1
en-8da9c7ada9588c10dd6d80cfb340e7ef	0	NEG035619	1
en-c6b07cfb18ee8ab15fd1e6ecd22755e3	0	NEG061382	1
en-6a8180e189673c0db560fb888b201ad1	0	NEG086981	1
en-21a78c33110ddb9e88cc3526385538d9	0	NEG002264	1
en-a53a1cf51e988f4c364a624f3fa61890	0	NEG065222	1
en-c6ecd001a43834c4dacd479ce5543c34	0	NEG091146	1
en-92ce579696d93c539da03787d7ee00d6	0	NEG087189	1
en-bd4d12739499d81291a296bb8e9b562f	0	NEG087048	1
en-64a6916583284be2875920cf77db1709	0	NEG027135	1
en-815d1f87a10b0b9291a55b85ec06b3d4	0	NEG087166	1
en-2e225b126da3ece2f0e73de924264243	0	NEG083142	1
en-2519ca671204e0bb4231bbac40ac75bf	0	NEG095162	1
en-6c86bda6b75e5134d8ce32af32e46ad9	0	NEG022284	1
en-4a4e7ae6ab04495d9acd7bc1895851f0	0	NEG087287	1
en-891d53f497bf88e8eab9f618458b6d3f	0	POS001128	1
en-c2e2600ea7703cf5adc650a0aff8b5cb	0	NEG058095	1
en-5d7100fb3e455e410e7ecd1291be827a	0	NEG031183	1
en-267f66c4ca46b784b1f2019c862eacba	0	NEG083736	1
en-f7e72427b0d2907a12f08dabfbbc159b	0	NEG085696	1
en-9a835c0f3c93fbf95945d8b78ed2efef	0	NEG036448	1
en-4da8217b5427af87c6530474cc2cd2bd	0	NEG001169	1
en-b6f42f5fc6a6bf4885d5ae06ca4e7148	0	NEG081448	1
en-3c44b1b3b9752744eb5cba56ea695037	0	NEG094631	1
en-114ac069d0aa58809d3654f661a253c9	0	NEG083507	1
en-a97a08de2542a6e326d96363e64f3e13	0	NEG001549	1
en-ffad2b02bd609862f069537be904c6a1	0	NEG051642	1
en-04eda629864ec08934c090ff2b20821a	0	NEG086572	1
en-4280c90cc03fee25bd6fc5235901922c	0	NEG088445	1
en-07a57d8eac3245c6c180022cb026a116	0	NEG017114	1
en-7d45528fb2c35a56171112f9333ba291	0	NEG047834	1
en-a9aa920b12628870ee0543a6401c73a0	0	NEG020113	1
en-d1751d878c4d6ef0ed5d734b17468d29	0	NEG008466	1
en-1a1824d512d88bd80594e6e2935f0fa2	0	NEG076134	1
en-c5a15cd46616b463e97bdd673685a683	0	NEG083167	1
en-77bb0c2d60676d6637919aa69bb8b5b2	0	NEG087286	1
en-d9af9f4b1c692be2246179837c0669d5	0	NEG095601	1
en-153720e1e04bd8b37ea884056a6e3dd7	0	NEG096484	1
en-51ecd5fb1cfada87f5c9d7b33ed0afdf	0	NEG084334	1
en-2c14d59daeea5e3584c355cccfc9b826	0	NEG024458	1
en-d76af48318b378e765919f6a1305e38c	0	NEG087903	1
en-860653a6f2afebe8c49e9c35b2ed822b	0	NEG019321	1
en-66ce70a5d89992bccb24186b1c0d58ab	0	NEG091285	1
en-4e1496cf881507fb40ecf488c3379940	0	NEG089920	1
en-8f21b05e1bf80a2aa943b3147a9528fa	0	NEG080762	1
en-f0db9725fef04ac0ee8268e33afac0e3	0	NEG078534	1
en-42533ba1dd4eee8087368127b10fb505	0	NEG091229	1
en-4cfded63a4516c2fc3b1f5b7579a0842	0	NEG084390	1
en-729f3f2c48f64e229e7e6134cbbe7df8	0	NEG091147	1
en-889e41512471e3f897d6a4d98125f58e	0	NEG035534	1
en-357dfc3b95468831ea24e06a33a8c028	0	NEG085628	1
en-b21f2596b37674e198429222da4e9763	0	NEG095628	1
en-9099c68787e83aa9b4b1e126cc80c46b	0	NEG030425	1
en-f66487b04128a88443a445c10092d02f	0	NEG028937	1
en-2593f7e404b0ea8228bf57028bc79505	0	NEG014168	1
en-4617ef3c785cef3f1f7d783124398ce0	0	NEG052692	1
en-d1f2b1d50fddbd38c6b7bc672e17c2bf	0	NEG039607	1
en-e8146dfafcc6dc296e0b4d7d7af0c93a	0	NEG001389	1
en-cf5200bedd84f46cdb9304de68ab9155	0	NEG086642	1
en-3714c2fc2e4729fe20d9ac80888d4cff	0	NEG049587	1
en-a9963a063a21f4c5b27a6ca734ecdcdb	0	NEG000724	1
en-0c987e8f79ac10c4a41c26f46974f632	0	NEG090214	1
en-735b8d534693242cc11677adbfc058c1	0	NEG090243	1
en-9716eff6468bcb1d360cf399af884670	0	NEG089149	1
en-e7293f57decd87447883c74a1a819d1e	0	NEG081326	1
en-814711c498dcec629b9b14b90cbffae2	0	NEG022656	1
en-4c62615e0ae5b8c7a463ac8ff9a2a121	0	NEG087703	1
en-3cc2f45ded1cd2abb722a94329245235	0	NEG063085	1
en-84009ff0114910e1bfb22036177692b6	0	NEG004538	1
en-c101b0e197f91db71795440f1715c6db	0	NEG084627	1
en-d0d65e41b4c15d85b579347bf39bbad8	0	NEG013349	1
en-b6ad66c7196dd2a406690fa780a35b2d	0	NEG009101	1
en-1dc940cb63143045622f364a02e679dc	0	NEG003137	1
en-a171107d8829f204740de1005ca9484f	0	NEG059547	1
en-2811a3d878b5924a83f67b316a67e49e	0	NEG075385	1
en-47fb7481d142adaff066ad0b24132215	0	NEG009642	1
en-05fdfa55de8fba88e6aaa3d74e252f79	0	NEG060616	1
en-bcc2cd5408a0a5f3f631a2dc9837790c	0	NEG082739	1
en-16635600810f0dbfed3a73c211dae546	0	NEG016889	1
en-57dcee456691407bc1eba0cbf7fe47ba	0	NEG085817	1
en-e3732f299c3891e29aa4b59cb2194fd2	0	NEG082743	1
en-684024a9a511d9c6bb29f59e06d4d4f1	0	NEG093248	1
en-566b1312b509520cc9ed917bf5bc6b6f	0	POS001963	1
en-d99a5d223ac8816a953c66f2422af6ea	0	NEG094432	1
en-32912111c2f8a1523255baf01f86a079	0	NEG092812	1
en-3ca3dfb7d6fbd075fc1f1707f034815a	0	NEG093061	1
en-b4f0099a86fd47a2792b845a992715ad	0	NEG001455	1
en-b51ece4193ab720f7527c7940039adcb	0	NEG056206	1
en-1491e3f570f85521e8bcb47f5f5bbaf7	0	NEG000244	1
en-5790ed67a430a35c5a00770216001d26	0	NEG086867	1
en-b6bb989ca5c192f2b7fdd2366135d85f	0	NEG087025	1
en-9fbba7a7fca77d21f8f384c662d89a7c	0	NEG082976	1
en-64a1fc2f6ae97366ba6c3349b1eac2c2	0	NEG063761	1
en-b30f42904bbc7a51234df4382a18f9e9	0	NEG082717	1
en-e956cfa622c8ec12a4aa4ad94585f015	0	NEG052470	1
en-77ed72184d24ec94b9c78bcd71ce95c4	0	NEG063522	1
en-6580cf3bcb9a568b2029738d904ace54	0	NEG094296	1
en-b4242f6b7d1ad6527df41634d0a68677	0	NEG000783	1
en-effcc2de678d3cc3d35623a101288012	0	NEG087944	1
en-9e14235a8d7b4dedbe8877a93072c254	0	NEG046304	1
en-a4956f781605cc7a38a47f6c19c7ecf3	0	NEG059398	1
en-5c6531a71459a6aec1e4118a9276a9f0	0	NEG082006	1
en-5a747b2d5af6f75ba7c20a3dcd056fda	0	NEG054706	1
en-108bd992bd30af5f68a9afee4f4d97c7	0	NEG082443	1
en-822475f356dfb35146970316ca37b89c	0	NEG064376	1
en-97cfe82298478867dc84007116881cfa	0	NEG082789	1
en-c23a2ca90bc312a6b8728d89de70b2ee	0	NEG004968	1
en-6e8add8baaa8daccc4b043379ffdb7e5	0	NEG083904	1
en-c4687f5bb23997bc6b22da55889b9432	0	NEG093101	1
en-671f0534eef9e8c3d2bc3f3637a8da55	0	NEG088877	1
en-0ea6b70d5fd1ea41ce512688a79d0fee	0	NEG086966	1
en-f1a0c4b8741f4c7674b17a6ab3e9229b	0	NEG082436	1
en-91d60775fedb3f088d98fe25e9e83f96	0	NEG063176	1
en-329f6bd4a487cd929f59b37e8425a1c9	0	NEG089193	1
en-64b194c28628c81da54d3ec77e8a7e0a	0	NEG081861	1
en-05625d6b803e44afc7f49ed26073ef7c	0	NEG037147	1
en-bcc0c49517e2cda2c5a363d004dc8ae3	0	NEG086417	1
en-effabb900b32895082d10ce28493ae0c	0	NEG083982	1
en-be014d66f195a87b0dff8eb3ae4cf9d0	0	NEG086371	1
en-b6f910c02266e541031584f7355bff9a	0	NEG072201	1
en-b908b02d4f5e94dcfbc8a6d89d66e859	0	NEG006510	1
en-0cf7e634a3353fab6913b6388c86ea88	0	NEG023945	1
en-f1e318b5c37723e356e607dfcdc79da8	0	NEG085642	1
en-cd3b93e4f7ad4e9cf909e103b8f5acb8	0	NEG085171	1
en-d0a93a9e1fc247d1d56d8c1263d30f16	0	NEG022742	1
en-68d0bc0b5c6a2d9a0f2d249fd1380009	0	NEG082626	1
en-d53043f0ca390bd2351bd0c492053750	0	NEG086756	1
en-00f3d7e0b73a10c17b3bbbb195392308	0	NEG096146	1
en-d63860128e49a135fb2b7bb8d92b0111	0	NEG030377	1
en-c0afe88c4c981ac7fda445da922a04d7	0	NEG006514	1
en-d1925ad85d0adb7a23fe0fbecaa58834	0	NEG064505	1
en-bac9e0af6db41f49fecaef610b97e465	0	NEG000274	1
en-a77e3e971d8d9a60c265f3089dc998c6	0	NEG092715	1
en-d375239c914efc896169ce1ce2cbac4c	0	NEG017126	1
en-3ccf9260a49bbfb876b7f82bb1f84a8e	0	NEG022720	1
en-e0353087619287f64a061f88d28efa10	0	NEG040089	1
en-0f448f224c3b741f9f6b42b553e711a5	0	NEG029391	1
en-e8209e103223aa45aa9b69708f05b241	0	NEG051952	1
en-de732c2604b3b368a3189e87455406ef	0	NEG066385	1
en-8ade521a0d353102918fe625270233b3	0	NEG030573	1
en-caff4197ebca6b7bd145d18fef9ac7a3	0	NEG094680	1
en-9a8420ffd0a69118412c643a6b6fa0cf	0	NEG043786	1
en-8e79b53cf85b5156ffd23fa97862716d	0	NEG061469	1
en-16e4ed8136af7245d9a9ee29fbb6f780	0	NEG087725	1
en-42673c7c1b3d307cf73f2c6a96a6be2c	0	NEG056120	1
en-07f0d57fcb60561cef9cf92b32fe37e3	0	NEG063864	1
en-a7e2e9ac9d82659486d80c7a25a076d5	0	NEG068580	1
en-9cc1e571878d6dc14cad0bca074f5de5	0	NEG087059	1
en-c9745b4a484c3516560a3b755a511f3e	0	POS001452	1
en-09f60f0c63610079a02b9ef389730818	0	NEG057215	1
en-64ce09c4466565d0bc791313ebef40cf	0	NEG007902	1
en-c57539a0680cff28c509bd1f3bc579ae	0	NEG061013	1
en-94657cb50b0a2abf2c538bf9f76a85dd	0	NEG092226	1
en-37e17930a77bab12d45b7a0479fb13ff	0	NEG092653	1
en-46f19bce6a476632169b473bea834d46	0	NEG004552	1
en-b90c6cd9461addb2e608f4c07f64dfc8	0	NEG092581	1
en-7a422c25a9e8fa0b38bc6243fe95b1c3	0	NEG044622	1
en-ec384e70556b958c82c21a7f00e40b2d	0	NEG088779	1
en-85016e7ab1151ed47fe40d35dea71f15	0	NEG081921	1
en-32375bea0ca03b6fca665bed3005a203	0	NEG087554	1
en-8c86e2bb3c0a026e192650b59e68113b	0	NEG056267	1
en-6862d331d3447c86efcbc884b47ce119	0	NEG094529	1
en-946274277ec5f1eb3ced6268d4584a93	0	NEG089427	1
en-1d72417b06b980a88c16ebc3a0d64e98	0	NEG018078	1
en-12b8ac300d3e491dd879726abac24dc9	0	NEG088141	1
en-1033ad1f8d7265bd3094decf636788ff	0	NEG009132	1
en-0b9ee34a5c7044d1c9076a5a16dbcfab	0	NEG065120	1
en-b5bc5136a2105bba380b410c6fda7b01	0	POS002929	1
en-f3c859b978ffd9c83f9b2a105c083fe3	0	NEG087727	1
en-498843dc6d60907fa7e1adad51893b72	0	NEG022691	1
en-77b167e28cae74906642566d2cfa4452	0	NEG063566	1
en-faea6611fca16d20045034f96a0c68df	0	NEG087732	1
en-efea8963a2f7482f29b8f5584438bfb0	0	NEG011478	1
en-4d0d0e41f050fd5a3d757126d1e75b0d	0	NEG079511	1
en-6f3fc7f34b0a183d9bbba48b85a6be0c	0	NEG036079	1
en-8f90da9275140b805829709d4f22fb3f	0	NEG075597	1
en-4bdd5a3cbe59ffb0fdaf6fdf99d46140	0	NEG005930	1
en-305efe33fac720fe03f54d4ecdbe3d5e	0	NEG091122	1
en-c80d378f093e32a0900f7bcb3c9fc5dd	0	NEG072795	1
en-628d5dc4386cb753235d88a01141b627	0	NEG002438	1
en-e7120d0900f664631d8c8d8370facd84	0	NEG088808	1
en-7fe086f846f6654bb1166d69b278cf08	0	NEG088583	1
en-cd09e11e8b0670a1ac4b9a1d23645e8e	0	NEG087076	1
en-263370c6155c23e5ab783737f4329382	0	NEG085927	1
en-b9914a736a01080613ae91453a1958bb	0	NEG043007	1
en-1f3786f0dbbc3752ab8939ed1bc704d6	0	NEG081609	1
en-c7dbf2a0e62534f1d1985f16dff452c0	0	NEG041352	1
en-267ef52454bbb23405bbe2d7d658a352	0	NEG008964	1
en-1df526930c8fafd2f76b980b687069c8	0	NEG086289	1
en-e0dbc90fef9bbc0922d9914290df765f	0	NEG000418	1
en-4ea32befc2becfbff1beef870117dfcc	0	POS001352	1
en-81d1fe9533ac303677a5aa0a796b3e70	0	NEG023453	1
en-0b1ecf4cee6c7b151a13f857dd553b2b	0	NEG083805	1
en-a69646b8e1ad69e533298d5953b65e20	0	NEG013391	1
en-945b52aef9c3c7af0dd4e3c48a6cb335	0	NEG093587	1
en-f76c0b04e75a0946a3b3a5a0d9d86a76	0	NEG061964	1
en-77f1da0e92b04fdf15ab57d897f1add2	0	NEG082099	1
en-58100731069d151564ea67ab847acd16	0	NEG037175	1
en-1368f53d0d881f20f9dac54888f1e1af	0	NEG091938	1
en-bd0b095568ce4c7d56311946e25b84ab	0	NEG039014	1
en-c45f72c1d93ea3fe2193652a19d2a73b	0	NEG096566	1
en-561985961d1170592dc14998f720234e	0	NEG012590	1
en-d0b48590c5b6d8565859ffa8d017640d	0	NEG012418	1
en-694a802b0576bca981a24e84dd253c3f	0	NEG088226	1
en-f03130d2cbc3b0464327a53c2e2a598a	0	NEG095767	1
en-743ca2d872fe4c2ade3074b565235024	0	NEG037155	1
en-abbe536d1e757808eb6fb8da91e51d92	0	NEG016769	1
en-43f3aaf669741ca54c7c5eab9836ed86	0	NEG086768	1
en-77e204a394aa4074b264b46cc21c9bab	0	NEG088942	1
en-ff1da1b9f98b5c4d69b0314bf4013dec	0	NEG088789	1
en-4c19d48559e87b2024cb925e61327d68	0	NEG022679	1
en-9e9dd4cf76dcaa587011d70c2f4faff4	0	NEG056539	1
en-4d00d247043185e81caf6950fabb1784	0	NEG014584	1
en-284aa422d79a37abf0459fd61bc2581f	0	NEG082931	1
en-bb49099169f6195498019513ce7f65db	0	NEG081636	1
en-65d8e20f64b7ba27e1c72d7998302641	0	NEG054929	1
en-5f713721373d0e394b31867f6fe833a9	0	NEG021990	1
en-5e82327fbf6e850742984044e664c76a	0	NEG095891	1
en-c603c514b90ea70d711f7cf635b6587b	0	NEG023029	1
en-1ab991ff6fca7243176467494dac5cf0	0	NEG023044	1
en-b3d0fc191946c887b6feb04d728781a7	0	NEG090862	1
en-3cf9ef23166e3bb3073c21ca0e241d34	0	NEG083087	1
en-902becd15a5aff06177ea469d86b80ab	0	NEG053820	1
en-3d10801146e4a7b4faa72f7968f2a552	0	NEG091279	1
en-a24b5e9dc5bed763466304472e25048e	0	NEG087766	1
en-2ebb98e5f21d935620c1b588f8019069	0	NEG083166	1
en-c3667634892fc2fac5dc15eff57ae488	0	NEG000776	1
en-ae5a8dfb9e611463977e6087583b40ea	0	NEG004395	1
en-e1a09b33d8d7fd166a1ff673825524f7	0	NEG011333	1
en-72904716af020184c9b01af75e0d202b	0	NEG078830	1
en-faa0d30f1425c26728861768c5bbdbee	0	NEG037888	1
en-8503417c22867b6cd311a1c883e86d56	0	NEG039553	1
en-7e0cd55310fb8ae0aac70c086e5bb026	0	NEG002437	1
en-c659511c90ff9e8da7c94697bbca3fd4	0	NEG040206	1
en-fec725fccac8de0676bb0bf3e771a4f9	0	NEG082520	1
en-e91bbaa8b56b571f506695f72a94cad8	0	NEG085321	1
en-363d1d80c68accb5275eac1efd63519e	0	POS001204	1
en-50b726ef28b61a1e24f71718316d4f11	0	NEG057784	1
en-2d739ec1002cc10e6fdbb061b7adaef7	0	NEG086650	1
en-c171916fdd01315c0701a7e18ca66fe1	0	NEG025586	1
en-59f5d7ab0a4c81888f3287f1c4b08035	0	NEG082270	1
en-419dcee2d6d72710646329745a5b577d	0	NEG050359	1
en-9b2c077453f66902742171d5727bbdce	0	NEG086614	1
en-e6d27afe081db6dce0f92ca621c0a692	0	POS001249	1
en-290aed59612c5ca5fcca04964c89e6ad	0	NEG055470	1
en-3dfd795b43392aef87335a64d47757c4	0	NEG042775	1
en-8a0668b966da2462c5ab0cd9e6e2bba4	0	NEG083378	1
en-5d79d1f141a85b2fb576c9e29c73847b	0	POS001701	1
en-7a8065dbe6a4948e007dbaf3dd34ac90	0	NEG087374	1
en-cbff5349619690250c7d7647a71fc306	0	NEG030369	1
en-ad73abd953401d278de606af7c7a6444	0	NEG028167	1
en-617dfa4cca97b320ba780fba07e2e2b5	0	NEG047897	1
en-450212277dc92758769c9849b2bd12b8	0	NEG092720	1
en-a9c8911e73db46910f1634980e704ab9	0	NEG002175	1
en-85d7206c39aee2a55dcbba82765af572	0	NEG094730	1
en-1918ae5c9c6ef19149e0e8539cb17d29	0	NEG028177	1
en-4c868361bd5eded552ae80c8362a3360	0	NEG035475	1
en-d046ba6065530c4d2839e9b8733d80af	0	NEG087885	1
en-7abaa5cf0c137a5c7a83b720ce6a4d44	0	NEG003009	1
en-805fe6b2b8fb26e157d9dc623de8043f	0	NEG087921	1
en-6bec71cc8594caded3e1273e06af0420	0	POS002627	1
en-f5c4e54400b89fdec4f61b165d7b8d04	0	POS001310	1
en-db2bb3e6bc04db44c50d5b3c95c650f8	0	NEG039108	1
en-9eb834096ee3c8ca51b76a1595a89903	0	NEG081378	1
en-36a5b74a7b94cf32537abcc5481f4b7b	0	NEG000226	1
en-6be725e9ac1871d9b68bfed113d070ce	0	NEG089799	1
en-1ed046f740dfb01cda28de5f7c12a85b	0	NEG083481	1
en-28dc7a6e2b4d5994e28113ed65f2c533	0	NEG009011	1
en-e5753360ecec534d1fd58cde21b5ab00	0	NEG047986	1
en-f982d1a3140215a2d6939a17e5c440ae	0	NEG057219	1
en-656ed850ff457502c0b67406d63ac1c1	0	NEG086401	1
en-d4149197e98be4a0b95e61c9dfc9c9fa	0	NEG009912	1
en-b9ee8d15dd451cf6975e58d5b81d7693	0	NEG082423	1
en-6d8242854f1f040198bd0a57cb615e46	0	NEG008111	1
en-3d07c1273697c32d5f0b023c1bd3a7d3	0	NEG092619	1
en-157bf5648238f582e39f4f2ef0f6b506	0	NEG025777	1
en-0dd89657386f2f86bd0e6e624496f054	0	NEG054744	1
en-54b88039d60387842da918d17d82bfd4	0	NEG008348	1
en-1ea5db1749039affad763e830770172d	0	NEG026785	1
en-9fb9feae82444220e3c1765fca701813	0	POS001081	1
en-5d11a99da5908462490970be52a40752	0	NEG091871	1
en-4bab2850a1bb95800d5132bec149947c	0	POS001460	1
en-4308a57787ee41fbc30fcc0e41795f32	0	NEG039139	1
en-c2f364897d29c5da9dc613d971a54acf	0	NEG007981	1
en-3f95de769d0b5345b6017f84c08c0bb7	0	NEG085582	1
en-c543d6a79a7602b38fa2abb93489c7e2	0	NEG081317	1
en-9ac42ea36e9e7e5872a67017f7bc97ec	0	NEG071165	1
en-55efdd27a3a1f4216882cbe08c48ba11	0	NEG094491	1
en-9ecb7dc417dacce2d77798191f1221f8	0	NEG021927	1
en-df6abbbd57439ea3475e6e2614be1074	0	NEG000497	1
en-3a0d74becdf10e30c5d9cf6f4eefd63d	0	NEG068415	1
en-fe245e632bdefe0b3b8a727b22910eca	0	NEG066670	1
en-3d2ac4c6a3cf9a480bfbacfcfc9cd54b	0	NEG018760	1
en-d4fe4cb1ef5f45969513bd1bf2871c1d	0	NEG005811	1
en-9b6be3526fc657b19e4815100a2649f0	0	NEG090512	1
en-d9fcde536bc4dcf7ab170dc58c2f259a	0	NEG082461	1
en-b576448f5bf475c60dab2ae24f61c01b	0	POS002913	1
en-dee26a24eb3ab25c54c1d9b51c7c2aaa	0	NEG090248	1
en-f846315ae062f6ee6cca2eedc1e45e9d	0	NEG064152	1
en-4b9832803c5b7b79dc420396be8e175c	0	NEG041785	1
en-2cec101c93c3e60a5f32e21597b7cba5	0	NEG026687	1
en-49960dcf51c3dbef3dde5ad638cfae8f	0	NEG078832	1
en-0310ae1553fed925d4a06728fbce366f	0	NEG092845	1
en-9a272bb3106ce1a3043551fcd2ef324e	0	NEG018065	1
en-412f1c191e8e69c5ec9213b7d3f2bd9b	0	NEG018367	1
en-56492063de5ed6765aec479eb868c5fb	0	POS001564	1
en-8c67d0bf4920e9732a02ad3e74fd96db	0	NEG080914	1
en-1996217fb4079ea4c61ba856e6edebde	0	NEG046321	1
en-77800f4cd67b9f4eba24a61ffc44527a	0	NEG077965	1
en-985f138f575f93ee8b45c9ab39ae9add	0	NEG049292	1
en-afe777e1e5c3201690781281e5300a93	0	NEG090177	1
en-086566d90b339b2d598944bc05b3fc17	0	NEG087655	1
en-b0c2128e2290a6e2637db0e955b1825a	0	NEG050934	1
en-62da6721bd4c12da444b7a49c8fb8e8a	0	NEG050002	1
en-051e77f4b97ecc520bd75ec76d909fcd	0	NEG029210	1
en-965c38b93b63cbae22412de8e8a729b0	0	NEG090405	1
en-3db5e8efc42b77ac77a8ae7e26ef5a44	0	NEG089439	1
en-d85deef3d2097aae38daa22a830fd0bc	0	NEG034229	1
en-a8a456895ccd21cb28fca7c7f3aa8871	0	NEG019192	1
en-ab2c1d3f1a81e8a786fa3e96c7f805e8	0	NEG086499	1
en-57dbefc0ffd6edb74c1d790db3f8761c	0	NEG075586	1
en-1ebc1ff35641573856e867afe00ecd7d	0	NEG082009	1
en-e148d92a12a4e3e1da5e6359936effcd	0	NEG058715	1
en-ae566c1d58846a503f644d76376bc4f9	0	NEG089458	1
en-f519a729b4ce6e53d95e304021cf4321	0	NEG026121	1
en-cab93ddf8c0b5ba23bf1c2f05294ead6	0	NEG077936	1
en-d2a9ef3ac9eabbc4d756b294f8fc2ea7	0	NEG006483	1
en-1b2c61a5c270cddb9bd05123b1a3c755	0	NEG063065	1
en-1d98b4ec491e713305dc2314ff31ffd4	0	NEG058390	1
en-b2b948516cfc66f404e53252017ab2f1	0	NEG089148	1
en-def8e24b1204e70ab2ca0cc12a6a2bfe	0	NEG088987	1
en-0a0115f56cacba80443fd295762d55f8	0	NEG076962	1
en-5566f512db961fadd7f27e4905e35484	0	NEG009558	1
en-6c0d3ac19bd0e6359174bbb43f78029c	0	NEG026119	1
en-d2358e8cb106393b046b32da06b5b8d8	0	NEG087055	1
en-86c50c96b23a8b47cee6f42ad83d6bf8	0	NEG079263	1
en-bdb0f8001a512caafe0019c08efaa0a8	0	NEG035258	1
en-40964b784d939505c9db6a5508dad618	0	NEG089168	1
en-501c66f5817b7ac525a3bb348c6e5947	0	POS001706	1
en-081b793a4169297e3fff957344ce2d7b	0	NEG069600	1
en-0d38da7b6adb7ccd5a2b70e2c9f9387e	0	NEG043706	1
en-746946ed9a3bee0bd20d8114e997d6a6	0	NEG044904	1
en-28a09f2ab3dedb0fefdbca0d87295a5f	0	NEG081536	1
en-2dde1255a72441187a3ee1eacdb27892	0	NEG042256	1
en-b48ecf1d7aca44da18d6f16ef0afc978	0	NEG039785	1
en-21563f0fdb8daf6e32ff714ef666f992	0	NEG028981	1
en-a2374fc057ba190def8ac15164b2a952	0	NEG081863	1
en-72caf8c63616f4df15da68a7ce2e358b	0	NEG049572	1
en-5913bf5bf66d1479e7dd412c6048861d	0	NEG035494	1
en-9c1378af3f6bc24d872978abfceda69d	0	POS001348	1
en-e1b0dbf9cdb09ddfcb96811cfeda8927	0	NEG084552	1
en-7c9e5343e0e1470a944e3265e704697e	0	NEG089123	1
en-092a2e4d664bb2270caa57e34aee3709	0	NEG026775	1
en-c4ad031c03359e8f4aca233b2040d4ac	0	NEG011326	1
en-604afb1f702858628df8d6e76e7af534	0	NEG081666	1
en-4f7f69f3330d01ee064a1475a352775f	0	NEG036901	1
en-a59586a180e52b81d84979ab021d16db	0	NEG083991	1
en-2b50fffc577302d62f4ab95e72ce2fde	0	NEG037451	1
en-cc12dcdc536909e40b420777a12d52f3	0	NEG028283	1
en-15433c5b9f6afc32869688981a4121a1	0	NEG086910	1
en-f784a6c48ea414185a1acd4dc50bd072	0	NEG073354	1
en-367c8f4ec5dae8aa4e59d645892a2aa5	0	NEG044462	1
en-8641af74271fe1739cad309ef8c6c363	0	NEG081580	1
en-f69ba55c338a97ee5eef2a259c08f41a	0	NEG077475	1
en-2711b3e849825206596be54d4a906d8d	0	NEG066647	1
en-721867cf9ba1c7e9da139e2ad114cc40	0	NEG064088	1
en-e73ddc4d29682a176ba19d6d1752767f	0	NEG010835	1
en-5cfbcd09e80f05bfcaa8a409de89d377	0	NEG081661	1
en-f86951f2a9fb79aff9b8babacd9485eb	0	NEG095170	1
en-70e32f7b59ad35b441124b08471008ef	0	NEG006125	1
en-b9e1821a00aca25894873654cb0c4924	0	NEG086625	1
en-d0d4ec149fe8ad3a2cecdaf1a2b00fc1	0	NEG037134	1
en-43e28c96a1ed089588984d541418e30d	0	POS000757	1
en-c60343ea2699764f799b512fc09ac40e	0	NEG026238	1
en-6141969d72387824ec4796ddaab7001c	0	NEG094481	1
en-07d51228dd4be83c3a16f5058ff79b9e	0	NEG069632	1
en-d55d936dc436488ef183ce5a316dbe7f	0	NEG053552	1
en-61a86fe711ead59456982e7f8cf192ce	0	NEG096074	1
en-74240db9c81b0010d7155b8e745e9c72	0	NEG081589	1
en-8b242f90fc528070784ecb33cf614e82	0	NEG086536	1
en-9f1bfb6f0645ebe6ddc34316ddc7bf56	0	NEG013896	1
en-7f4ccba5faeeb6883718fc8831668adb	0	POS002805	1
en-c88dfc112ad53f3313576309f6514689	0	NEG088012	1
en-7efef913fb04f4433bcf403f72048da6	0	NEG008356	1
en-c1b2b3707ddbd60273a6294a1058d7f2	0	NEG022660	1
en-ef9e77f8ccfacd528a90ecb6fa714c7a	0	NEG040253	1
en-15ba7906ceeae8362e23ab8c5f85a690	0	NEG018072	1
en-dba5b4b5f02ebf13e5e5d78b49334d36	0	NEG095917	1
en-67e07d17d43ee2e70633123fdaba8181	0	POS001098	1
en-6e8822c3e70f971bd2720bd1b6a827b0	0	NEG085128	1
en-feef52c8ca0284188641febd0d0af1ea	0	POS000805	1
en-dab6842d5f6ce4f307bc70c2ed4f456a	0	NEG082864	1
en-e4f0f391cd8d0aad4647baae107e4f07	0	NEG096964	1
en-e3b783c9095f004916130f0f59906b33	0	NEG003144	1
en-0d925f6f1038748b52d4a1364c6e7093	0	POS001921	1
en-1b75d8ba1125f402b47a5b2d093b55f5	0	POS002824	1
en-b08e407b80b7f5d2ceeb10bb4d00bece	0	NEG096496	1
en-1eea5aa94fdc6eb2bfa18be949201795	0	NEG092754	1
en-42516ac3c223c67c019d7d692149fbd6	0	NEG068116	1
en-66960645c929ed008a84707e306340e1	0	NEG084244	1
en-2995945092ef9c6b5ab66c43546cfaaf	0	NEG056218	1
en-b3e4d4f3dd62ecab713201bb5307a03b	0	NEG077997	1
en-dbee2d90891ce8da1f497fd2b0dd249e	0	NEG088550	1
en-d3f708e6eb847989abfb8975b78b6a2e	0	NEG094625	1
en-8fe134156cb7810bfbf61c75b0863096	0	NEG083589	1
en-8eff8b527cd31f804d61228b1a426b34	0	NEG071797	1
en-7203386f7bbf991cc0ae4e546aaa3d6a	0	NEG007846	1
en-1e91002888d9349d9fd5975858ca31d9	0	NEG088612	1
en-64d951e4b79d4f61b38f4ed105a11945	0	NEG078330	1
en-caa5c89c1fa5a6727c2b8a1b1cb08e50	0	NEG037886	1
en-74efc01373657a4f95c9e44f5d8051fe	0	NEG088880	1
en-dfbd368f8a90b0dda9d5f346c992a6cf	0	NEG021184	1
en-9a39bf6418d54c4a9a174eaec3bafd3c	0	NEG016892	1
en-ea376d9d303441cbf0d8a9ba3bac05f2	0	NEG030384	1
en-3040f276a2ffa1a6366b08eb31c7adce	0	NEG003173	1
en-0cdfbb6a918abfe5464a6db143402972	0	NEG094939	1
en-7441453cff47efb7714140071cdb862a	0	NEG008897	1
en-fc3ffd76957e769a4a72109dedad45c5	0	NEG087485	1
en-a36ba60cb06d21609ab13feb253a72f8	0	NEG083477	1
en-42c0b64ff87f2e18b8c91316d75881b7	0	NEG063856	1
en-78ec2477d7eb27a8d77f6b1d5b17305e	0	NEG093424	1
en-c81b6f57ef979c870c25bcef4d585cca	0	NEG096743	1
en-e7073b587457a4d39c5c87458d88a682	0	NEG091265	1
en-59c1814835a12b9f5da4f4535fbd5f66	0	NEG030363	1
en-8a0eb3c1e30d32f48d5ec3132dfdc274	0	NEG003161	1
en-38fa9afe2aa3536e8adeb54e32169231	0	NEG064059	1
en-54d1a5d51dfd57928030e2dadcf7ab13	0	NEG008046	1
en-bdd9148c4563ef6eb725b11d5740c7ab	0	NEG086701	1
en-57ec74208cf1a2f225d545e862795bbb	0	NEG081707	1
en-ebcecef1439d16e844e95bae9377fae2	0	NEG004534	1
en-57ace3b85a76e032d5dc3c00e603ca36	0	NEG036291	1
en-5daadbea21061f50447fe474b23ceee2	0	NEG036454	1
en-8fa478fcd9d1819ca37cd0b83b773b24	0	NEG042426	1
en-4a21dfe65dcfb2d076edf675e0947249	0	NEG025176	1
en-6eef97a75db9ee39e056d9ddbb67e602	0	NEG078839	1
en-a05d92aae6e2241478113200e9a553e5	0	NEG083169	1
en-7782c47249bb13f034d2f36c185b21ea	0	POS001951	1
en-1ba94c88592a1bb76c6eb438e471c280	0	NEG082298	1
en-4d3f8caf6ddec76fb28e8c7cde7aff8b	0	NEG092990	1
en-58ea3aea53a08c14d763b9125b40b1f0	0	NEG072205	1
en-a42dfcd46b286fa8a668d7b819ada00a	0	NEG075317	1
en-52986febf72a85c5b6115a501155832b	0	NEG088508	1
en-a364f018d4bf0b807e5ac22c8b775a2c	0	NEG083696	1
en-b3392623f1531b7e85160b0414f6a16b	0	POS001226	1
en-7716a68d40b8c0f4f948021882ad6df6	0	NEG095603	1
en-80f83b30c4815fe24e48a014be667ed1	0	NEG009129	1
en-02ae909707b08263dcae12914209cbea	0	NEG037747	1
en-f45ff3b0deed274d10b59f9a3758c3ba	0	NEG010730	1
en-c7be4bf6f7f803fc001a6d9af0d66e03	0	NEG005546	1
en-b233ffeab413cd01255a052c75d3e8ca	0	NEG093296	1
en-b63fc5c31554ba9420b0790af4b261c5	0	NEG093136	1
en-1ae0da5f31b740664d7f12b661bae47d	0	NEG041013	1
en-9f317a38dbba741564f49bb559b01a30	0	NEG090772	1
en-e8207ab126e561d65401f22f4df808db	0	NEG089535	1
en-f130530607d5e9dbae9daff5e49754d2	0	NEG090631	1
en-3e3acc012b7784c1c897c4eae4ff93f1	0	NEG086238	1
en-ee11487559e5de8d6769a3839d8a5c34	0	NEG027093	1
en-93fb69bcd297ea47621192a54d5503a0	0	NEG093127	1
en-8959d4247746fc9cd409a9fb2b1069c4	0	NEG083230	1
en-4ae9df4288d4447c4c57c1e8c438203c	0	NEG083278	1
en-30538e708599bb997fd691bf4b6f0ca4	0	NEG037867	1
en-333e2913da09a294b2271aa312fb4108	0	NEG007762	1
en-76e7ea6ad9955e5113b17b9aa8ee4a68	0	NEG063560	1
en-ec29428cd3084f5bcf03e11841ccda6f	0	NEG092294	1
en-9f6afa734c8cff15e6dcb13176e86670	0	NEG009355	1
en-be4fb247ed6b17a0a5f0570874de9c6c	0	POS002539	1
en-af75ef73b8794cc7de1c0a976a1c8bb7	0	NEG082458	1
en-51698ff090b3a69484dab7a5b371c936	0	NEG026492	1
en-f9fc9c1549627a090f83b58bb12626a3	0	NEG010943	1
en-aa79e1c3d7b11c7de39d03f0b3d952cb	0	NEG011164	1
en-27d4ade1299c0d6c6529ae0b84259911	0	NEG010669	1
en-e73dc81be79f3f50e4b046e194ce7c54	0	NEG056549	1
en-ecabea9ef219f94df2ccb5e6eae74f82	0	NEG096930	1
en-a59ce2cc6151d7b7bbf6f29f586f26b6	0	NEG088585	1
en-9329eb0cfb48c4860b7203d5c290fc4b	0	NEG083015	1
en-e8a4c3d4d6a81b1339e4898d4645615d	0	POS000234	1
en-815545ae206a61c57f12e0c4c003a90b	0	NEG025562	1
en-47702dd0a86f738a56509fd845ecea14	0	NEG092694	1
en-79fbbd9b341620b7a8f86f60bf444168	0	NEG017711	1
en-4b4791f8150a824bb6d946a7b71b84d3	0	NEG092710	1
en-6c2b7f03373740ab0e577f52adb20096	0	NEG094874	1
en-66a9a2cbe067f546f94a45933b4abb6d	0	NEG041529	1
en-bb9aaf1ebf30feca822e056da8199a90	0	NEG047360	1
en-b5235769b9a4ca1fa80967e393df209d	0	NEG078828	1
en-aa5c9c9044481a9333ef9706b4331131	0	NEG088272	1
en-01f65a5d8c628811049eb80c8d30fe06	0	NEG089271	1
en-cd409a1d81cb313e4615d3fae57a1019	0	NEG086555	1
en-57b2f9943822985d0d7c788fadfb4ca8	0	NEG085844	1
en-ad716a0072d0f8bd5c4dc62b91ddc541	0	NEG090084	1
en-2a154a81af58119fab2275846548cafb	0	NEG053669	1
en-2dff9b5d0477e546b96e45ad78a84949	0	NEG057521	1
en-413b8ca5d9eee6ba22049e7e5bd8bf67	0	POS000014	1
en-7a9f61de2f1b2e38963fc43006e8aa09	0	NEG016033	1
en-7f5ccb1bef1199a79e9bbdb7fdf5f674	0	NEG090261	1
en-5b0c6731e972a71c6b9812f23ea46819	0	NEG084507	1
en-41dd4af71957ef08bea932e57d228a9d	0	NEG066470	1
en-b422015e877e089bd0c61cd526a83e6d	0	NEG085494	1
en-8e3cc9f06f8b894e2b8ae3eac07826ef	0	NEG082413	1
en-c98d904aee82ae03011c85e5dd803b7b	0	NEG041168	1
en-83891a77fa46ea700ff69c3751907881	0	NEG084186	1
en-68a97cc765a5254cac373b307223f2c6	0	NEG033362	1
en-9ed0dd8cbe9ddbff8153bb67db29d93a	0	NEG001378	1
en-6486e10fd01cf261bee34376651fb6ef	0	NEG011184	1
en-931d9f3932203fdec87514d8c1cbfd27	0	NEG039202	1
en-3ebefd9195f0121d9704d6934e3515f0	0	NEG088646	1
en-4a9d1ac749e5a0d0095b9ba5173fb9a0	0	NEG058725	1
en-bc904251b2a9cf825db11f6d109ee65c	0	NEG082348	1
en-348150aa846c007f6ebde0628d66dd53	0	NEG091032	1
en-88f4acec4bd1d62c10c83de269c8f8e8	0	NEG007139	1
en-b7c43c6ab04d2b91a768b0935be1b02c	0	NEG027018	1
en-d07894efcf2b2e51fecd6a82c4d95179	0	NEG036452	1
en-684549121aa82bc8026700457bb0ec85	0	NEG011703	1
en-97528fbb8742537fc3dbbed9966dc7d0	0	NEG004279	1
en-7b8ee63dedd25b66c63e96660ddd963e	0	NEG089525	1
en-820adbfc2dac600b214003db685acf81	0	POS001733	1
en-a919565c0db4c6bb659bc7a3ed454419	0	NEG040098	1
en-1ff995f257a9b4930e6837bc7c7fe18e	0	NEG070514	1
en-39b44bd0de5a38c2b61bc815a89a5c32	0	NEG000147	1
en-a24bd2fd0d4107be41be08aabff91c53	0	NEG077061	1
en-d36bd831a35517c024fca6189a39a002	0	POS001284	1
en-7260b38360d5edcf273d720584a948ea	0	NEG042974	1
en-3db086d79009968069c26b7e661d2663	0	NEG034579	1
en-79a80e522d0bd077ee3c3fd4c62c1f79	0	NEG066561	1
en-859f82231f9cd9ca270b88e5ad63205d	0	NEG026769	1
en-35fbfd8bbdaebc9a07e8b7ed1d966c76	0	NEG088467	1
en-26a1cbb8222c11cbc681887c3b447ec7	0	NEG026122	1
en-1e55883695aefac21dbe7126e9a96b8d	0	NEG069422	1
en-995e6cc4b3dfe0d9785187661b7e95ad	0	NEG069490	1
en-00cc5f4c0955a64576130b1a5fe603ec	0	NEG028518	1
en-13d1bf1414bd7565cb6b4496c526f33f	0	NEG092524	1
en-465ba2b38277cbf9f64b6cebfc673e32	0	NEG091548	1
en-691f7efbbb1432e77f54746037d8892c	0	NEG089479	1
en-e2aa0fd5c56a20eead85ea638c601220	0	NEG084170	1
en-620edada9f400dab1163b709cf4ae628	0	NEG081312	1
en-25de36d36c780e1fe469ba3bd963b0c4	0	NEG015517	1
en-34f5af5cbe41b9790df1add846a19d7f	0	NEG092488	1
en-c19ddb8eb796c13855c44ac6a491e54c	0	NEG003883	1
en-a0311eb7a9663919883a0962d86a3b37	0	NEG031184	1
en-2c35f254a286b49513e96e70ed25c994	0	NEG087873	1
en-8b3e1d28de81feafb4deae817ad03342	0	NEG005874	1
en-5685fbb16c3f3d5d4c55da272275abd6	0	NEG081430	1
en-7c1d2ea3435f06cad3c2d43fb8c08057	0	NEG081760	1
en-14327b2a6406ce5fa988e8b180e80a30	0	NEG000966	1
en-ca0dd2262013ecd4e758255618fc6405	0	NEG007577	1
en-436b26ad7aeb72f0c71804d004b1a883	0	POS002823	1
en-8e80a960843f037b5be4d549221a782f	0	NEG039013	1
en-1295387dfd17ac93d790fc89794f1cf3	0	NEG091434	1
en-5e1f5f64a7334bbbeac4110abc6a182a	0	NEG094815	1
en-b0f6ae252de4414eb2d6d3582684f1df	0	NEG014755	1
en-d677d85be333298aa4ce6877a8cbec6b	0	NEG094691	1
en-6735bf525842d7f83b0446e823b151c4	0	NEG081769	1
en-a53fb5aeb6def3dadb720ed7de8c39ce	0	NEG040020	1
en-2eae1a237069a479fb80a9eeb0ae8053	0	NEG075622	1
en-04ba0fde97282851f1f0c4ca569adc6a	0	NEG095566	1
en-ee982d2e2a2c113c5460608b3faa8700	0	NEG001716	1
en-63e3519cb378e33f4b949dbef47db711	0	NEG087829	1
en-b068188efb3df17b011c091895952b4e	0	NEG067812	1
en-9fe844f3599e4268ad712a51beda4537	0	POS001030	1
en-40c491d2788e18f6a31868e745fdca76	0	NEG087808	1
en-de220fc81dff1468d183ee11264caf29	0	NEG086088	1
en-e56ff894bc9863f42e95b4e6c777ca48	0	NEG088208	1
en-7ac9e86e6a7bbfcd44992e4095581368	0	NEG004103	1
en-f5aed73b030b0d6a8ca275b4176e6d37	0	NEG083496	1
en-95aaf1bcdedce0398e8b8dd9aa4214a0	0	NEG006629	1
en-ea6cfd1db9fda80d3b59c3552b0c247f	0	NEG058402	1
en-033b3f04c2974e16c862b274916dad9f	0	NEG016749	1
en-89f12a080253814e947b05c0fb02e32e	0	NEG021630	1
en-79668cd657c3a7ff1aacd5339173d580	0	NEG069252	1
en-2b7a34eb0a900f5e086e1f57d640dd4c	0	NEG055156	1
en-9e40b6e78e876bc845386df5b0e4bde2	0	NEG069427	1
en-78b149c26b18536196d733d7eda25682	0	NEG069283	1
en-f5cb7379e2c159a4bbe7fe87ca64f3a5	0	NEG081581	1
en-e1a4f9c022f3a14ec66c42c59530c718	0	NEG080652	1
en-4c331f7052c7d5a9e948e0f21fb26548	0	NEG027105	1
en-40b9a594a9e9ef87b154c6ab29fab803	0	NEG052161	1
en-03f467ec96c7932332008f1646e5e2b3	0	NEG087743	1
en-b5bf543468972284ee074079037cadd6	0	POS000395	1
en-a7d3fabc1c09b0d241c87e845a655533	0	NEG068584	1
en-dfb7d2abe85d02a12bf7508f91f4bf35	0	NEG096024	1
en-1bdec771323b90531cc119aa84fe3b41	0	NEG039251	1
en-f705f4efbf91065a3c3d1e311989ecf0	0	NEG088084	1
en-68e0fee125f5a16714447171045cfb63	0	NEG094051	1
en-be39a9bdff4c74369c2609328117b949	0	NEG007956	1
en-4a1eb3bb66da9d65c18da19461a3129e	0	NEG071765	1
en-cb31b9c5b9121cbfc7c0c8a51c77d8d8	0	NEG052663	1
en-e089d892efd7ce382a846e5e4c9d7060	0	NEG092243	1
en-0faeb3547e93b0ec5b6c8b8dd4212f32	0	NEG038896	1
en-f53e2da20992a04188af4883b127cbbe	0	NEG094828	1
en-b5693525940bee0f9ff45d26374572c8	0	NEG023025	1
en-65bf2b5f3ebfe1bb11addefe25912d41	0	NEG014910	1
en-56f126d280b736cb2fce258f42eba9dc	0	NEG086064	1
en-90c7a5e936a2d34e7100502e197511aa	0	NEG026256	1
en-d980926ba3283c978fd82580da896521	0	NEG000986	1
en-411bb495370aea57fdd5a1fdb55de434	0	NEG088831	1
en-0afc56c737901be2a2ff291a0b436ea4	0	NEG061227	1
en-5ff14cab2948c924c1a81df09b440484	0	NEG003946	1
en-4655527797b51e97847972233e103668	0	NEG001474	1
en-0d34fd0198491fc23df728b8cc7f38ff	0	NEG023644	1
en-96157709d982ae539c74e88896bd12c8	0	NEG094790	1
en-4ed7cf98da15f33350f57ba3ba299074	0	NEG087330	1
en-4d50355153a792fc916c27a47bd326ec	0	NEG068603	1
en-7425514185be4865479bec92e49dc32e	0	NEG044096	1
en-4f18a641ac5307af7f0660cd40b44058	0	NEG092685	1
en-16a61b69e7d3c0fe3b2b940304cfa809	0	NEG063394	1
en-ec784f73334a3d182dfb1c6373ca0897	0	NEG000761	1
en-5090364fce8e742451d6490cb78b51a9	0	NEG089484	1
en-ebd0e4b50b2fa561f809d2de97e8f9f7	0	NEG094875	1
en-64222e0539d7e33aa772a4e653ae2bd8	0	NEG067826	1
en-a2f244079539f4214dfa5a75ac587287	0	NEG008503	1
en-35d3f5028f96346d02efc6eec3678f35	0	NEG092960	1
en-eb077f4a169bbf72c00f3b81a05d885a	0	NEG076435	1
en-551d5b9e92ae159ef12498204ca6fef8	0	NEG094067	1
en-6f9462a01e7e7c3f2e02f5662ee9258d	0	NEG055163	1
en-3591aa71e48671ffca92b389caac2c82	0	NEG065480	1
en-0230e4a84e8d2b4c4088240eff7bece6	0	NEG082042	1
en-02a7f5703f2d6f6385ddc8c4e0adcc6a	0	NEG016729	1
en-a5785a732845f927e22cb868ba1832e9	0	NEG085193	1
en-92d678053957fd0de834d7aeff4c11c6	0	NEG087940	1
en-a23e09e5a84a4fa609801ea6391e2b06	0	NEG092934	1
en-e01ec00e2b99340aae123816db623fc1	0	NEG015434	1
en-de7b58e8e96275ddf4058ab2a404ebab	0	NEG085679	1
en-57ded4e1b0d0a1f23ec812c2329b8bea	0	NEG071818	1
en-79f793f646d46f5fe8a8be9e04ea8fa8	0	NEG059913	1
en-a3c7c37f4347dc711ba11f732ab08f1a	0	NEG083037	1
en-1b787e58c9ad9fc0e66c2e070fe31278	0	NEG081674	1
en-033f92f48e01ad20c4e31e10524636b8	0	NEG096255	1
en-2165f2a2163168891b15d99862f3387d	0	NEG021555	1
en-72a7c93aa885589ecbe452ef5a5e32cd	0	NEG066914	1
en-2c51665ec353ea8dbc3589841bcacf38	0	NEG077812	1
en-a4b93cffb56ee265d2de323b7ded81c8	0	POS001865	1
en-aa384347073fb946dd74ec1731f6a1a7	0	NEG091169	1
en-b4ed4957864a1c3f1b7f9b4cfe32d1fd	0	NEG006595	1
en-9ef0400a430918b7073cf271f8fac3e5	0	NEG000356	1
en-fb877b36aefc441e44b5b8bafd8b69f1	0	NEG079575	1
en-8dee87bff9bdb7905a4ddd56e704c28b	0	POS001319	1
en-ef8f8bb6f7350404b5b746042e495ef0	0	NEG028498	1
en-1183217c506604cfbce31ab81f6a2069	0	NEG001490	1
en-94d14e772b74ed4fee8635873138fffc	0	NEG022629	1
en-6ece70ceba2b1231459296bff49f5428	0	NEG088199	1
en-396c39500f82e34693b6027c68c5db31	0	NEG042162	1
en-862ea8618acd912bf00d190d4f0edd68	0	NEG004514	1
en-11bc477fffbaf69a5961be02709e91f3	0	NEG002338	1
en-ef20c3f04a1505994b45ef669fea8652	0	NEG009896	1
en-087c5674ff2d74875d4d163481ab4343	0	NEG095757	1
en-3758f6f1a35efd4907878852d6371737	0	NEG041422	1
en-de9b2e871d5d0dccb95477054fbbc3a5	0	NEG087400	1
en-691609a421d843c6e4e7ab9e6bdfd246	0	NEG001219	1
en-6b1efa266622048f69913ba12e287d69	0	NEG022315	1
en-9bd5bd77c23bae414dc1cd2cb4d389da	0	NEG095226	1
en-beeb3e611021d7ec34b9f61ff0a0a095	0	NEG027660	1
en-1190bc00f8ef7eb0152684760ecf11ed	0	NEG025589	1
en-a33d8343859fe63da144e997ca830f15	0	NEG011716	1
en-3a56978370120dbc7bd1665aa595cb4f	0	NEG007947	1
en-63f5d27bd7d9ad86a22df867379cb659	0	NEG086970	1
en-2c47ad342251f5d29169288a4fb67793	0	NEG090136	1
en-5cfd7ecd4d1e0fa7a4d11f6b30411046	0	NEG082045	1
en-e9f96f8f10f3af4e8c2195dcf5106f39	0	NEG089937	1
en-e3182421a9d466ab432397280877d41b	0	NEG084224	1
en-0f10d2c34d6affffe24fbf43692dbe94	0	NEG086120	1
en-d0d5e65b43bb3e99ac220f6510b5a7b4	0	NEG005981	1
en-2fdb7881198856d483cad12958935410	0	NEG090557	1
en-5ba490763c9d04d08b13db33da51145d	0	POS001410	1
en-c1577d8196456e6bdb42d8e87baaf49b	0	NEG056426	1
en-532365bea9af565a30f2158e20708cbf	0	NEG086344	1
en-d75c42a440ea4aac7ad0095e060c7302	0	NEG065571	1
en-7260349d03443890255df7cccab3f593	0	NEG030723	1
en-78911de831ced7fffe47b648f1c8be8c	0	NEG089805	1
en-774776ea863150988dddb42140030ef0	0	NEG002946	1
en-c75aa5b7691fce7ac8fc2c7070175fe4	0	NEG016041	1
en-0839ac4a9da52ca8f077c0acb155f5d2	0	NEG083281	1
en-4b43c2973f34cd86db1266023decf9f0	0	NEG087953	1
en-efe3568d6aebdfebd8e8628b35f3e8bf	0	NEG001085	1
en-d6cd5de89114283bee1e27638fa393da	0	POS001084	1
en-1bac1e6b4f6e452ad66de30f8edc8a92	0	NEG051982	1
en-8d343168f03d1cfae5682ac8a1aa975a	0	NEG087311	1
en-852f25c431ea90067f313ba5060822d6	0	NEG003131	1
en-d573f277a263fd1399e3935e5ec96ebf	0	NEG030580	1
en-110b060670f769d157ed6d530c40a28e	0	NEG060446	1
en-b9bdeef100704de19f88759ed34bbcee	0	NEG012812	1
en-2b96a4bed15e886ea46616a25de23b8d	0	NEG056612	1
en-633230322103d6b83925cbb2f0016f09	0	NEG086999	1
en-5282ed708b268161798a76fc06853516	0	NEG008995	1
en-df930f3a27998308d969940c06e6c571	0	NEG030606	1
en-6620c8b992c652ede1ec40f72123aecc	0	POS001467	1
en-fdebd534a467044807f018e30df2057a	0	NEG007670	1
en-fe6aab63768c188409c755547a06d497	0	NEG082453	1
en-c074295aad8dedfda0be88e14898147b	0	NEG089975	1
en-a71f48c1b6abd15688576f56b085bfb1	0	NEG094509	1
en-d8b4f4c4f7bf17e2f702a4dde5682bbc	0	NEG005873	1
en-72e97f15858ea09aafad0b545135070a	0	NEG069699	1
en-a87053c552e85a414db600eff3e1e127	0	NEG088317	1
en-817728f1d7600d8f627bf3d22f5c64c2	0	NEG054621	1
en-24aa8dec4e0470fcfd30bc4caf8b1c16	0	NEG048017	1
en-6e565e78d20d91935a73593719d78e7d	0	NEG089099	1
en-fa39d12650601de28413481911bcbc13	0	NEG095174	1
en-781c7dcf7d5fdfd720597fd48ebf4dde	0	NEG009671	1
en-d8415be855477b2cbae26db52b8872d3	0	NEG012338	1
en-3845cdb3c2ef43eef8ab8a22a377dced	0	NEG083867	1
en-5cb8c68d18151d02df07cf8ece2ee96f	0	NEG083912	1
en-ca6c8aba9650bf8c291a6549383d61a9	0	NEG087672	1
en-8cf54c2aa86c0650148380b289503d25	0	NEG082913	1
en-5d7980285a181ba37d3f79e05258b115	0	NEG040220	1
en-a4824d377ad31bc823feff90439b48c6	0	NEG088049	1
en-531d4f7e2de57646da2cfc97d2a9868b	0	NEG093242	1
en-baf4e3e833e887bd1d286b185b006b61	0	NEG040271	1
en-83d3e692f4c4bd226e746ea3a07211a4	0	NEG082028	1
en-0d9aba0519a02b443f2c4c4cd05fa1d4	0	NEG081873	1
en-42243892473e0f0c8e05fd0f2066053e	0	NEG087598	1
en-10017f2fc6cde8743d13e0a638eeb02e	0	NEG088871	1
en-37d9298e19a20ed4dce7a852e0bb2e3c	0	NEG082331	1
en-b0b547e464c42201ea3978e64e487626	0	NEG028920	1
en-120ba00235ece997c902fc98986cc1cd	0	NEG089037	1
en-b568d880e9cee40f2de3bf886b4af2cc	0	NEG092163	1
en-2b712de46d6e46fd400a43c9571df8df	0	NEG020604	1
en-ad31dac0de76961d22c8c03a264d84b4	0	NEG079737	1
en-608f5398b1ebeacc64ea5ab3da2e623b	0	NEG082212	1
en-085f2f94b7f052c7d393036ec53fa668	0	NEG095140	1
en-5b900c2c1e5aecd5917a6b5257f9e12c	0	NEG083489	1
en-4b512dc363d8a481dc1c99b62e16c392	0	NEG083072	1
en-d66b2eed0123ebe24e2386403a5beb83	0	NEG000619	1
en-54e1f20609cc9a6a2f0c8878b3b1a0b3	0	NEG050464	1
en-4309c4d501718b4d4a1a0912094a3aca	0	NEG050970	1
en-ee8d25835dd888139f10a47a56cc10d7	0	NEG085106	1
en-c2dd63cd16cb146861bd74645fcd0e3d	0	NEG083115	1
en-3c0ac54984943d763d3e388b14d32bb9	0	NEG050921	1
en-11649289ab5763a730d05292cee3e729	0	NEG096573	1
en-9d8f95b89856844360a8ce7df77b654f	0	NEG081285	1
en-226bbcbae80fa1bd0a87743d30e79876	0	NEG057827	1
en-1362b63bdf24c2e688ea2fdd010558d8	0	NEG086523	1
en-126789fd96a813d959c8f07bfb6c0d13	0	NEG096619	1
en-da165f04ed32a7c11624c75f7cb78f5f	0	NEG015499	1
en-023f6b3f33b74ecadc62ba85b67e1075	0	NEG083144	1
en-598680a40c82435c2cb6c28a019652bf	0	NEG086217	1
en-7039f93e56e79bb789a18bb42d20db3e	0	NEG081722	1
en-13415c4f180d318b60c0d79bf45b70e8	0	NEG082664	1
en-1928218e7f8f703c9491771063ffca29	0	NEG080552	1
en-8beb65a080d7d4eb1c94e3ee86a466bb	0	NEG078486	1
en-0369de1b3ab32519acc2570dde3ebfde	0	NEG037383	1
en-dc11b21ceb3c7534d74c1786ca7370c5	0	NEG078396	1
en-60bed0ab1b462c21204cbea9177edcf2	0	NEG093412	1
en-6468c2e392e0b98eba88c3926dc9356b	0	NEG088611	1
en-ae9b973aa4e3208a843b265771df74c6	0	NEG077975	1
en-75ec522d66372ac1efe7b16e434dcb16	0	NEG092922	1
en-9e5e40188c1a1b1f5ccbc9f917c82a34	0	NEG087684	1
en-f97fb184c53441461e982629db41a949	0	NEG085008	1
en-2b215e6b16c03345cb59a1688729066f	0	NEG085204	1
en-bd5585da8f95943d934e63134eda05e9	0	NEG058170	1
en-25dac38c1787c519e26ad2fc98f92b5c	0	NEG000908	1
en-98ebaede2afa2834cca6a759726cbbdf	0	NEG070501	1
en-9a778f6161bafd38b1d940912e01930f	0	NEG038660	1
en-0f9139cd9e92f8f7817f02eb6a2da7db	0	NEG043701	1
en-72680db9513b0bf3390f9a961d7f4db8	0	NEG065270	1
en-42d52647be939dffd6c600d68df23cad	0	NEG084763	1
en-a7ed9365efd138de0a7d2e4355920a08	0	NEG094333	1
en-85e18b8e638053d30aba02d4e6c66385	0	NEG091135	1
en-4104f37f781b11389b00572a5f42fb6b	0	NEG065286	1
en-9a9f2c89aa73cf1c33cd223100cfad84	0	NEG091524	1
en-5ae35c68df42370dc7f80797e06c7409	0	NEG042769	1
en-0342ad6c23793c22f0c042b3cd9b1b40	0	NEG047463	1
en-c3acbc6fd0ee08c4a50936b73b751d09	0	NEG001691	1
en-28a3e5dd62d491dec31d3de0983eb1e8	0	POS001645	1
en-451a5ab53db55a32b70ac4c708ffb04c	0	NEG053459	1
en-638ab07fd1e0b6df33f42b6322c52c07	0	NEG080046	1
en-d49de2fd377a33e6281c74789c67904c	0	NEG087643	1
en-3b07e3ecb2482ea0b8c14a7fc2df61e6	0	NEG084647	1
en-eb8476813c3cbb9cf2a62e4dd44011f8	0	NEG007984	1
en-217328713f23d2e58d2c0c3ab402fc2e	0	NEG082693	1
en-87147425164d27cfa82a807b13235945	0	NEG062806	1
en-764212dd43f40300150c71e77e64ee1a	0	NEG084589	1
en-2a9070b5f773c05a082c7b2966193f61	0	NEG091831	1
en-1c867dc3dbaf9c0eba867829099f21b1	0	NEG024867	1
en-5f27aa63762d09f7323e739e8aad2b81	0	NEG058413	1
en-1239da7c4e919ef7c59b0f0a31ae61ec	0	NEG083239	1
en-6f26d7a34cd456dc054726751053af7d	0	NEG083652	1
en-9ea4df341c1a8b69e2e727c50c9bf80b	0	NEG077041	1
en-04825b23df696898a73e4ba01188e632	0	NEG022569	1
en-cfe198fc5bd71d3a6ed0058204576e11	0	NEG066737	1
en-1a304e7f8e66ac0cc9e497d242ecd44f	0	NEG002766	1
en-12c5462860d1c3f25b94fb340d9b8dea	0	NEG085325	1
en-cb6a52f7d19f627f5a1965713d3bd23d	0	NEG087357	1
en-003a5b98863c56ea8fd27c3c743ffec6	0	NEG011234	1
en-7438ce4d95d625d87e0208e65c50aa4c	0	NEG090235	1
en-f617b9305f224642c255dde0297bd401	0	NEG025597	1
en-acba4a63aef351c5dbc173eacdad0291	0	NEG096709	1
en-c88a7c9e227d245a190ddf0e99cae189	0	NEG088474	1
en-6d07b621f405abec582cca17872ff8bb	0	POS001003	1
en-277d60974257f3779f7202cbbf6615dd	0	NEG089804	1
en-e679fcedd90eaff878fa399d52fe458d	0	NEG080045	1
en-dae5464a81a581bdedfb81f9861c7c7e	0	NEG082686	1
en-e4a1fc705ff887f9a64c552b4b9bc247	0	NEG047857	1
en-30c1a8bcb3a30717ee324be4eb56f745	0	NEG081323	1
en-69327f6c6e8d287fc7c0b724133555b8	0	NEG096600	1
en-8b909216c873f4c0507c30a7422c3ef5	0	NEG093425	1
en-1d3a9e762f991a19e5c8194f5cbb6355	0	NEG082505	1
en-a1edb8feaf204b01d9c578e121ff0a5a	0	NEG091664	1
en-44293588a633b2f2694821837ff81274	0	NEG082862	1
en-8646d049051d5bb181f6ed4c8755613a	0	NEG075294	1
en-9a28c071ec9bf0d95c58bc7871f82dc6	0	NEG086585	1
en-94640bc5dfea73f830eae0deb83776d9	0	NEG091134	1
en-f1363faa400b7e4c77c1b1c13ab830c2	0	NEG088078	1
en-56f496d12752cd2358ba4b6381e1d80e	0	NEG011345	1
en-9bc48f939263b9ebc072300d6bf2fec7	0	POS001970	1
en-701f03ab0e3b9c94dfbfd449f82ac980	0	NEG011320	1
en-0992961a38885d808510bd2ae17bb86c	0	NEG026118	1
en-b9624e677b6db576de1ded055ebe15dc	0	NEG089982	1
en-e8b69bda73cbb015bb146e5c5ade337f	0	NEG081843	1
en-f9b116e1fec7b8ef342d133421f9f767	0	NEG025284	1
en-d49c5e896efb9f82d69df4330f404f5a	0	NEG067189	1
en-e71a4efd1b5f70f8de8e8596bb228871	0	NEG087517	1
en-7283be24118cc4c43960a871369cbc3e	0	NEG001312	1
en-c5cdec0c189011c22911ea510eb4ad5e	0	NEG095218	1
en-48d75994a62f62594b39ea3540c9e50a	0	POS001401	1
en-1fb3ad951431733d50ff93ae0ad5ff49	0	NEG075571	1
en-51cb2f7d9f2f1e3865546a7a37328d76	0	NEG092955	1
en-aac2dabffb5829d0fa926ae386f64ac3	0	NEG056432	1
en-64e8aa46e3e5fae112d17ccd4fcb746b	0	NEG072245	1
en-0dcc278cd0435753992b8623c0accead	0	NEG067193	1
en-8d7679aba69d0444e9c1b384d335d96b	0	NEG092994	1
en-a7c105eeb7d2d599cf7974f22d7dedb2	0	NEG009535	1
en-f788e3cf269be686442540e837e41552	0	NEG079533	1
en-76e94d6f0e6ddb18ad5ae5f892041a38	0	NEG056678	1
en-9ca33ead03d3f61f29e5f88b0e8dd517	0	NEG080803	1
en-eaab4e838b804330d5cd057a27169ff8	0	NEG063874	1
en-cbb5ea98c0f4500e513a00696f4e9f35	0	NEG081552	1
en-be938f1d59e118cd61707634fe53b03d	0	NEG076171	1
en-dbbb2cc2afdc2f87130b210d91025c12	0	NEG088434	1
en-7a4ffa4b70e731b894a9bb6e37016c17	0	NEG091150	1
en-28be10439d8c7bf16b3a661677feb1eb	0	NEG082538	1
en-1e41a10a802d5ce6ea06374a5f659090	0	NEG084559	1
en-00283c83783e7ee3052f4459da4d5bae	0	NEG085670	1
en-925e59f9945a21edeec488bb1fb46957	0	NEG002892	1
en-32a3b19d616bf6fd549574b676899c35	0	NEG045700	1
en-27d860697cd5a1666c5a0b3c93a6092f	0	NEG090251	1
en-40d09a99fa65d832ddea0c81f31476d0	0	NEG086525	1
en-6a3f92fdfe0bbcb07211c6d5d4ba0116	0	NEG051704	1
en-b06209b46c60b8b6c17aad2ee2a1f860	0	NEG084106	1
en-3c7cfb49df1155dfee852ad694817465	0	NEG065412	1
en-9446c604afb2a9755739ed935e16e1aa	0	NEG085771	1
en-9c839cc0e2c6b7fd055938a30d58e60b	0	NEG085997	1
en-7f3e9d50ebb0ac4aeb290d31413a99b3	0	NEG083996	1
en-00f6ebf853c961440df8a27340a1572c	0	NEG085398	1
en-465ed8a04aa769eac1bc6028df56ff9c	0	NEG090562	1
en-fbb2cb5899cd385c4e2c1da6951755a5	0	NEG087215	1
en-f907cbc2927c2ae726567e73008e144f	0	NEG088622	1
en-68a182a8e4696fa98cb1589d7347d97b	0	NEG052644	1
en-cb24034050dae3f17436c302b896430e	0	NEG087404	1
en-5b036ee4d4b391c3568f9ce9f231cc74	0	NEG000556	1
en-f054a9a45c295d9109fa5ebfc3fd882f	0	NEG093776	1
en-ca8cfb0ffe9c1b571ab1da40d413df5d	0	NEG081779	1
en-c335623442a1989bc05ea0c92d925036	0	NEG094758	1
en-71658aab98b7a5e47d3285bc1c349235	0	NEG020662	1
en-2d8a7f0429aa9bdd53f3086e07fd9c5f	0	NEG095094	1
en-96716ccbf92efc0dc9dd251193a7d07f	0	NEG056843	1
en-40b8374cf51b919a8fde25e8b6f1d34d	0	NEG051823	1
en-7fc6e23068f6892a4e3eecf1e18a7167	0	NEG007943	1
en-a7df338052d670118af1ca53332e1745	0	NEG007407	1
en-a72d90ad58c6aff7f2d7a7f4b4118ecc	0	NEG090046	1
en-5d123f050c39c8cc7181c7bd15ac9add	0	NEG013697	1
en-44899e523a823f1db9abe2da0ca046c1	0	NEG080772	1
en-343703cf453f7f875fd48731e4a32640	0	NEG041926	1
en-d3aac0deebb636f710994903af305aa8	0	NEG087987	1
en-2a843604e3539352357a31828c421875	0	NEG087878	1
en-c6691fb568eebc5847015067d0b8300b	0	NEG030618	1
en-9e5f79f186b067b039f1f7038badcdfa	0	NEG087593	1
en-dc2fb4a4cda33805aac68cc1998bf7e8	0	NEG081549	1
en-f4b97ccfa076c9d919ba55c61b4529f8	0	NEG085889	1
en-13f929c2d896f8bbf80148d3dc6e8b5d	0	NEG084349	1
en-0e0b310bff5764d680fcea808f786231	0	NEG006149	1
en-b3d0df3f97bac2659f1709898e42ce2d	0	NEG070511	1
en-002e0f7f9d22594756ddabfa80e70b04	0	NEG044095	1
en-8257adbc2840ea6c1a377c315fd77b4d	0	NEG089829	1
en-696f95e567ff868eb91c4e44e01598d8	0	NEG041581	1
en-7bcb03c6456f8cb2c04c08e64df03e14	0	NEG086846	1
en-010248530bdfeb19c08398a8baaf3f43	0	NEG093339	1
en-4233cefd6055ed053edb988e6a9fa7ff	0	NEG008028	1
en-74afc3bc77445f108d25f3cc68ef487f	0	NEG037658	1
en-f5d2f268d62ec84ce99ced22cafd75ff	0	NEG088896	1
en-e4e56dc04253b5db60033e43e5da2e77	0	NEG088451	1
en-fb8ec53370df40fa2b304bb040764ba3	0	NEG095629	1
en-ff10fca06762957535e4ca3f50871c0e	0	NEG065612	1
en-e279e6310bc0099fdf485d5cbddb02e1	0	NEG096758	1
en-e6989da4acec9e4dab887feafbdf96f8	0	NEG067977	1
en-626e503eae0f175ea3256799595a7117	0	NEG082955	1
en-25e33a8ade3382c31b242891623481c2	0	NEG085915	1
en-11ad7d6e5dac6bbbaa2321c2ec02ddd9	0	NEG093761	1
en-91ced151fd4115e8db7fa21ead741d71	0	NEG092975	1
en-2673ce8234cc65bf5d5e81743172700b	0	NEG013051	1
en-fecc579d599aec1a6aa3780d9060c6ca	0	NEG047424	1
en-1f4de4a4d075e0bdb33ce5e240720832	0	NEG044813	1
en-42dc18104fade4c3dc498d0c646f16bd	0	NEG085986	1
en-809e2f755e0db3b4850fe1b185ef9765	0	NEG084535	1
en-9f09f33dfd0e64b98acbb633d3435dad	0	NEG072057	1
en-ae597de849bdfef0e484934301ea1b68	0	NEG053272	1
en-8ba7c39bac94ee8af0923b6d96784176	0	NEG047538	1
en-1a24734e0230c5aca0081cfc3e678e23	0	NEG012537	1
en-907d3555ea4f855ae9a38c82247ede0e	0	NEG096076	1
en-c72c2344bb5902139e2c91073d144916	0	NEG087788	1
en-8ffbdc58d00758e32d0542efbff508c6	0	NEG027099	1
en-e66c2ca27a0a177660e0630a5fb70786	0	NEG044126	1
en-cac9646be4cadfbee26710a57743c81d	0	NEG022850	1
en-a605d85f264231292b4ac1fd3ce004ef	0	NEG083091	1
en-23c1107c1c9bb13ce899e26b94734835	0	NEG048802	1
en-9e21ef836772c65fc9208075ec3ad146	0	NEG080200	1
en-78ea79c55776479dc64952636cdd8b24	0	POS001580	1
en-189c8772eec65d37900b9485a4cd1ffb	0	NEG088689	1
en-a043605b53f1e3e73e1faeedcd037e7e	0	NEG076763	1
en-2ba1ef0ef56af8c96edf64428722d612	0	NEG081385	1
en-0ea4da8cb332a5943b1402b81cef7cf4	0	NEG083883	1
en-0e347b20168e637b1c031a1cf4af3982	0	POS000788	1
en-6d7a5d8b5e0be0be3cced3d13c5962fd	0	NEG025572	1
en-36303b61afb93c18e9740afcb0df0ead	0	NEG088437	1
en-5e15e4630727a3cf9f5b546083f5e9e6	0	NEG091257	1
en-b73ec7962a3a555ab25daf78d3d83e5e	0	NEG021187	1
en-a79cafffa23474665f7827f6d8c566f5	0	NEG076805	1
en-d018ed5dfe340a8f6e485a2de36a0d3d	0	POS002417	1
en-990730860adb3b5b655e2f54405e2801	0	NEG090325	1
en-321cc2a5303e8b6ea77534c319426d6e	0	NEG025610	1
en-9a1742bc320357670978d67d22481f77	0	NEG069029	1
en-37e1a224739ac243a0efbc9146cf93ad	0	NEG093342	1
en-9822dcc0247acbecd9d97a33ed8c7e0c	0	NEG012401	1
en-76ea6ba3ce6e5ebea70e9e45dd55c902	0	NEG084049	1
en-0aefba6bdb613258a44849786761ed07	0	NEG005812	1
en-a0ca1dc5c36e7de01d12b4891b03943f	0	NEG021378	1
en-cdaceb5ed2448a7e8d6255f9d32f2581	0	NEG095879	1
en-a9e30a634a5876cd53649d8f57621519	0	NEG086377	1
en-07daed04262729b0cf5dcd5512d13ff7	0	NEG079760	1
en-08bae3b0918c5f4498cd63cf1fa4ea7b	0	POS001980	1
en-e21757a0971f1efecbc3778d72a42571	0	NEG037156	1
en-07f96d1b63a17c8497381fee353ccddc	0	NEG037703	1
en-1935285be8af240ce14266e23ef4706f	0	NEG088703	1
en-5ba59000323ec41543b7c95933cb590d	0	NEG090988	1
en-bdc67bcb0fbef1ee81a08b1634cebdef	0	NEG014904	1
en-a5e5f531761768dda809d4ba6a21636e	0	NEG028174	1
en-1cbcd320c3d9d9d83974884de5b7f94e	0	NEG000177	1
en-dd9cd57840a8e4bbb74bfb327bc77edd	0	NEG092094	1
en-8c8309e2039f53d6af624a6acf94aba2	0	NEG010637	1
en-78205132f7858e2dcf817b2220e7f11f	0	NEG085643	1
en-c33a3042abf0290fc2caf2fe510becdb	0	NEG085332	1
en-885d9fa466555e852788c2bfbf3348bc	0	NEG085626	1
en-0a2e2dfb4e086dbba49cf4877143356b	0	NEG078617	1
en-7b52659d7a74bd2ecbf236af2b08fa1b	0	NEG060216	1
en-b85f409659874dc5288ebea0f7bc9eaf	0	NEG005005	1
en-743c15e646ed5a4f0fca35df3616eda5	0	NEG076006	1
en-444471319e0ed158e5ed6e1fe9525dc4	0	NEG085236	1
en-a20408b6415914832806cfdb669fdbf5	0	NEG036895	1
en-16076199407ca3498aa351681d855e50	0	NEG091770	1
en-20befe19b3087517915588543b32c99f	0	NEG021935	1
en-f6620c9ea30d5f113378e0a197611627	0	NEG067813	1
en-951f9ff5e528cd35c70a44ca219fe2eb	0	NEG037065	1
en-262a01b3fbfdcafa4104240b51cdb29a	0	NEG048470	1
en-e14e68a3617ecef8811b593331af25ef	0	NEG021611	1
en-2ec1980522b913a84e956f1db82ef282	0	NEG089669	1
en-d8f1c335eaa5649b4e85acf562c0211c	0	NEG096430	1
en-ff5928383aebf752c232fb1c95c61376	0	NEG096412	1
en-f50712d1f70937938d1d06d1ea6d391d	0	NEG037799	1
en-5401cf9e1b82519416b53a3006eb1446	0	NEG083483	1
en-16ddb7a925680bb33abe1e53258728cc	0	NEG076980	1
en-6f01dc5e2a246f408af00df515dfa29d	0	NEG044446	1
en-5635f1c301ff75fa6c81b0840ca3a843	0	NEG088237	1
en-861daafcc334f83091e5cfa1b5558c2e	0	NEG080816	1
en-57a516a1d7485d92784649db0168c648	0	NEG089934	1
en-8395572d03d0ba43ca229c2fab167504	0	NEG081842	1
en-b52816bfbf5559b13469b83cf6cbbcc2	0	NEG083270	1
