bar-ee24ac3a1c63cc18d34b5238074e1cfa	0	POS002001	1
bar-26723950cca1e90d1c8d8e1cfe4c93a6	0	POS002002	1
bar-8c01dd862dac01027b82a0f16f92dd6c	0	POS002003	1
bar-134773427ddf219b6dca622d79c60080	0	POS002004	1
bar-26723950cca1e90d1c8d8e1cfe4c93a6	0	POS002005	1
bar-ee24ac3a1c63cc18d34b5238074e1cfa	0	POS002006	1
bar-244e3fc418d7ad6d8415c3063c08aed4	0	POS002007	1
bar-cba46a8d6acc35864fa88d0f9cf65c57	0	POS002008	1
bar-32f30e33b875445a4451faed0594299c	0	POS002009	1
bar-43434d949483e0b0b927fa439ca54c7a	0	POS002010	1
bar-54bc064fdd8babb35bb07c4fb7ed10cd	0	POS002011	1
bar-4103a6dc17ab3ff25170181cb7433669	0	POS002012	1
bar-966a496fd5084411da2684e6152247d9	0	POS002013	1
bar-d17528914d0e06a0d15894c26243b504	0	POS002014	1
bar-ec31348aa93844fa677140b9f961e10d	0	POS002015	1
bar-01b7a0c29d528dbaeef2bf936dfeeb5e	0	POS002016	1
bar-61ddc01f1fe13643d6025029b00caa77	0	POS002017	1
bar-41eb25add8c6a6f33408f4111ca81800	0	POS002018	1
bar-69539e133ca4bdf12754bf9f622e49ae	0	POS002019	1
bar-b8d70d8cafe279ee14a59e3bd30b92fb	0	POS002020	1
bar-1c43aba334a534a87396c0afd0f3dea2	0	POS002021	1
bar-e2bef43d0a3e001a6edd8bc552521584	0	POS002022	1
bar-523e8d6e670768de25a281e2f1cd06df	0	POS002023	1
bar-5fdd0088cc07d635b2809ee527a0ba89	0	POS002024	1
bar-523e8d6e670768de25a281e2f1cd06df	0	POS002025	1
bar-32f30e33b875445a4451faed0594299c	0	POS002026	1
bar-064840e8a7bb291d6ca31e8cf45e6d39	0	POS002027	1
bar-b4c70deab9bd17c64b6b9574cf04d990	0	POS002028	1
bar-40046a87805feb24e49a7e28c8bb36d2	0	POS002029	1
bar-9003e63259426035bea9adc06320b2bf	0	POS002030	1
bar-737c5161ce19d9642b45e7bc8fe1c37b	0	POS002031	1
bar-b527b453ffaf0e3d077ec414ae52215f	0	POS002032	1
bar-78852a97fae918a3ec712d58dd48f441	0	POS002033	1
bar-75bfa3c5b013d4333e221eec894b0a31	0	POS002034	1
bar-75bfa3c5b013d4333e221eec894b0a31	0	POS002035	1
bar-a2c21588e3fdcc97077690e5bcd24c7d	0	POS002036	1
bar-3998ce044f90b5610fcaea67b9d48d83	0	POS002037	1
bar-ef46ac5c34bb6c34bbe1706cfd48cfbf	0	POS002038	1
bar-ef46ac5c34bb6c34bbe1706cfd48cfbf	0	POS002039	1
bar-8c2d2ef8021bdebfe24093a7bf24252d	0	POS002040	1
bar-f047448ac1ee88d16c4473f58043d7d0	0	POS002041	1
bar-82f16c0099c3b7c6523ad6ff3f29f5c2	0	POS002042	1
bar-d931bad6789631aad8769ac38fd7fa63	0	POS002043	1
bar-19fb910db5ec43c7698483e3feb29f63	0	POS002044	1
bar-15e23b5dd4e0e226aaf863f9aefa9d31	0	POS002045	1
bar-8002b9642bbb3dab3b70acb296cb3914	0	POS002046	1
bar-b9fa9af8f0a80c240a6d0521bfdbb54e	0	POS002047	1
bar-324f3632555c4feb6b4dd19016dd49c6	0	POS002048	1
bar-ec2d4eaaddcf00f0b07ca34f07d63e03	0	POS002049	1
bar-ee1eb14871a74946d324f1be2a3ca7af	0	POS002050	1
bar-8c01dd862dac01027b82a0f16f92dd6c	0	POS002051	1
bar-e080517332cc8780951118b7b308ddac	0	POS002052	1
bar-6b2da256c15df481160b6eb737e58e42	0	POS002053	1
bar-2996d5ff5e5b3b845ec5eb4b1e3c3b4f	0	POS002054	1
bar-090460b3a883a3f06bf963b84cffd209	0	POS002055	1
bar-090460b3a883a3f06bf963b84cffd209	0	POS002056	1
bar-c1c1898e7c99def4616811989d49adcb	0	POS002057	1
bar-e3b19418b31728ab7ea9193454cfe277	0	POS002058	1
bar-a87b7524cf29b311ef3e01056fac4174	0	POS002059	1
bar-7a41756ca60a37695676c8fc15f420c6	0	POS002060	1
bar-816fcbc660284eb2a17d30ef3680d998	0	POS002061	1
bar-4ed3807467d7abf00d3dcb9ca35541b0	0	POS002062	1
bar-b717445f7943ae3d03b9f9fd732ee63b	0	POS002063	1
bar-1f9ba3eb97a5f8425fb9a140a86db901	0	POS002064	1
bar-094e27774f3e64c978732da558c789ef	0	POS002065	1
bar-90a61339d31434ba20f2ffae97f2159c	0	POS002066	1
bar-e7a42ad9e936dacb7d13029f39348239	0	POS002067	1
bar-e7a42ad9e936dacb7d13029f39348239	0	POS002068	1
bar-7995ac6aa05c51eae915ac0936ad386c	0	POS002069	1
bar-073bc6d53e3e9fb527da6c5e46257618	0	POS002070	1
bar-72a5275a6b00e624095674c63f79a21e	0	POS002071	1
bar-d0a7a353c8313688e5d81adde31e49d1	0	POS002072	1
bar-21ad02f88b0ee4f2d2f31e8521d79a88	0	POS002073	1
bar-21ad02f88b0ee4f2d2f31e8521d79a88	0	POS002074	1
bar-2e7f9d922b0a6999336dbecde2adf8c8	0	POS002075	1
bar-b73903f4d2074aeeef88ceb7efe1a614	0	POS002076	1
bar-686e2fc4d2abd12d0f1110d8a1148fd0	0	POS002077	1
bar-41dc3d9cac7e318a749a1a149828d129	0	POS002078	1
bar-d4e8121efa62d9e3cfe12f6dd9a770fb	0	POS002079	1
bar-a76cacdfdb13c394858f2740d22e8085	0	POS002080	1
bar-5794fc799554506b6a5abe6667c3afed	0	POS002081	1
bar-94b0ee5df9e2010c86cc2b1c194dc51a	0	POS002082	1
bar-15ab9d377df847be70319a6649ed5ac5	0	POS002083	1
bar-e535ada81a1a8bce86fb061fdcbda718	0	POS002084	1
bar-1a1906012a24efad61b9617d0863ba36	0	POS002085	1
bar-767d34510606fced972f72021a50b2da	0	POS002086	1
bar-f905c411c8b9a728c48c3f213e1da844	0	POS002087	1
bar-acd294fd0f30479eed507adc33c9d2d9	0	POS002088	1
bar-e80677dd64554c46c081701910e4d28b	0	POS002089	1
bar-da0d0bc01fc245a00e55eac6b3010528	0	POS002090	1
bar-2ee2636c876ef0886287ef9e7f29987b	0	POS002091	1
bar-90ffe60abccda0660fd01b11d51c902d	0	POS002092	1
bar-aa2d7692e011c9439ba29194b93d8530	0	POS002093	1
bar-25a037c54314a311369a793fcc416640	0	POS002094	1
bar-422833f5d5bad0f3c3df4449d28034bc	0	POS002095	1
bar-14d161e30f6a5feac5038e22b53577dc	0	POS002096	1
bar-1dde93a8175f1b098c8399c410e5533b	0	POS002097	1
bar-a7498ec82944a03abe954a2b3332622f	0	POS002098	1
bar-44ba9dc069fa94057b336cf57868807e	0	POS002099	1
bar-a0ff04b3a06b43dfe858bed2298c5f62	0	POS002100	1
bar-fd3b633b080b52d2276ccd8fc2a1ffab	0	POS002101	1
bar-bb0721460e02f7943bdbca60f25a7e29	0	POS002102	1
bar-8dcb019b50dfe976134aa19bc48e17fd	0	POS002103	1
bar-94567367ea167b6390808d767e221e7d	0	POS002104	1
bar-68caaf90e86df08fbe2c870a882697b0	0	POS002105	1
bar-f3a5373b34b82b3624d222ea730812a2	0	POS002106	1
bar-34878f94363ce89a1abcfe6ce5564c33	0	POS002107	1
bar-867d09c9fb014d850b4fd70974012886	0	POS002108	1
bar-6c7ff9dc7c0621cad49232f113552adc	0	POS002109	1
bar-435d7c51c5f02b23f1a6c9e076b04523	0	POS002110	1
bar-460f7ef73129397df5c3dc867ff251f5	0	POS002111	1
bar-305c9a7d6c725278e657a976ed31514e	0	POS002112	1
bar-e6d4c671d7f971e41293a2ca9788bee4	0	POS002113	1
bar-c7480f51ce2fa6cacd7c54503af01592	0	POS002114	1
bar-5a99cac9dee6f886e7a2052b868113b0	0	POS002115	1
bar-a51c51338859dfbed8ad48af0b1654b9	0	POS002116	1
bar-5f657b58818648b64b1fc5ed1c547c02	0	POS002117	1
bar-7245925c01f6724a8d29c2e06b8a654f	0	POS002118	1
bar-d42865adf61037ca812c48c72b9bb02e	0	POS002119	1
bar-8cecfb3f8c21f5bffac97a3216f7a629	0	POS002120	1
bar-aa967daf8c8678ca38ecd6a907ed4af0	0	POS002121	1
bar-87ec8a00c8d8359a646bc87d9af6b3e7	0	POS002122	1
bar-abd420a6b4c50b2f6778d358d0d4b7ea	0	POS002123	1
bar-004cdb6325d0e50fb16cf42124147a54	0	POS002124	1
bar-0dae02022ab11a41946c946d67b3c7de	0	POS002125	1
bar-0d49e12b73a29c76ddda7b176674a3cb	0	POS002126	1
bar-51b362801c07e6864fc5120e495053d4	0	POS002127	1
bar-51239f46d4503f9b1a899112c7a521d7	0	POS002128	1
bar-23d19f8232f60930da22609e49320e3a	0	POS002129	1
bar-9fb88d36b4fc20e7fe931d7323df2588	0	POS002130	1
bar-670fc43312b9c863bf46fecef3f8bca6	0	POS002131	1
bar-32553bfd634c251b41ac338239d6f36f	0	POS002132	1
bar-8473620a8d68cf4b1b43d22aca03bebd	0	POS002133	1
bar-489afd03e55048db4dde325d7a000a6c	0	POS002134	1
bar-01c9ddc54f53b670bea6751df70051a0	0	POS002135	1
bar-62dd518df8849e9d6ef294e4ce074b48	0	POS002136	1
bar-0d67eeb7a83cf7524e36cfc7d1b545c2	0	POS002137	1
bar-9419710f2fb2a3dfdad1912189fa351a	0	POS002138	1
bar-48664ca09ff133b5b908b96387a64767	0	POS002139	1
bar-22cccc0488de1a0c46d0147823cad038	0	POS002140	1
bar-926d1ad484f913e2897862e9d188e3e5	0	POS002141	1
bar-ab0b6e0bd8c9ec3db6aaf3202f682f5c	0	POS002142	1
bar-c773eed6be7974f71a777d9822dd26e4	0	POS002143	1
bar-db14387b439d857524aac7ce2724e80a	0	POS002144	1
bar-95965e333dcfcedb19e5af1af7309aae	0	POS002145	1
bar-42f65d9c8975e2e6d6508d57b42c1e64	0	POS002146	1
bar-42f65d9c8975e2e6d6508d57b42c1e64	0	POS002147	1
bar-95965e333dcfcedb19e5af1af7309aae	0	POS002148	1
bar-ee081e5089d5ad020f77729c8b6ad642	0	POS002149	1
bar-cb781dbb1c9ea1259370d5eef99791da	0	POS002150	1
bar-acead1b352201d34360e831d91966103	0	POS002151	1
bar-b0ae98146ca1208bcd4a7b8c11626fb1	0	POS002152	1
bar-d8ddeea9639364691929d64c6ac37fb1	0	POS002153	1
bar-c0bbf1e78249fb5f4a5d82dcbd7ca34d	0	POS002154	1
bar-2dd51dbf59298460f7bff9a3e162d1bf	0	POS002155	1
bar-5e7649ea4b2c616e3e24ca371e291553	0	POS002156	1
bar-b989fc8ed98bf5d4ba81a03df3ec0f09	0	POS002157	1
bar-6ba1f1676b61da555d4d2c0b12bbebb3	0	POS002158	1
bar-652387cbcbf10335edd77b3d170d8426	0	POS002159	1
bar-7c5394c439b0a9f15fa9d06764dd5d53	0	POS002160	1
bar-d47046593c5922c538f93f46a35cf3f4	0	POS002161	1
bar-4bb7d7fd4c187a03dcc3ef2b93903659	0	POS002162	1
bar-4572e8d7dc182d7be03dd2eabb8049a7	0	POS002163	1
bar-693595c07ecfd249f9dd431d5e29c223	0	POS002164	1
bar-874be0cfa3a0c871ccb815f2d60313b9	0	POS002165	1
bar-4defdff278c8e87c9830de4655c266fe	0	POS002166	1
bar-fe20a92eb85809a5d58829e7731838a8	0	POS002167	1
bar-e4716462fad418b9053287ed47dfa49d	0	POS002168	1
bar-866ab72d3a935f3513dd441aefd07fa6	0	POS002169	1
bar-3646754d730ed6d898e45cd392ec91d5	0	POS002170	1
bar-8b47d8700f6d9a297535efbeb95b281e	0	POS002171	1
bar-c76447ab98e2b32290579342b150eb71	0	POS002172	1
bar-48ff1e0fbfedc5c62d5443d5969feb75	0	POS002173	1
bar-beb4727de22e1caacf101b6fd0951568	0	POS002174	1
bar-c81979b87c6a420b98811d2ddc918d68	0	POS002175	1
bar-dd8eefa7b3254e33ca19951cb21e4d02	0	POS002176	1
bar-fdbcae9a8b9b9ab7ec4e894a3d403e8f	0	POS002177	1
bar-b6d3b78108bcbe74570156f8a133c246	0	POS002178	1
bar-61e354789e0191b8dd3cdef5a7daa64a	0	POS002179	1
bar-dcc5430138bbfe83fe94c152a96099cb	0	POS002180	1
bar-a09c6e1d153e42436c54cec14163a276	0	POS002181	1
bar-11f44824d604a5ef9c0cef33afbbc1f0	0	POS002182	1
bar-da916e346f0a38e879260554415d3381	0	POS002183	1
bar-9dfa2c4b9bfb1dde1b7a8f47857ecc86	0	POS002184	1
bar-d0ea9db0f54150e0f768324374cfb813	0	POS002185	1
bar-62c77e54ed8968e9e8637f701b75c3cc	0	POS002186	1
bar-d6bfdd60f684d2bb47f85d45b5f14b5e	0	POS002187	1
bar-26c5b02f61277013dab99b039d1c4f29	0	POS002188	1
bar-273198fb0cbfca850996ddde1f5fad3b	0	POS002189	1
bar-74e9bc81a1c3e327101d88bde5339e6d	0	POS002190	1
bar-b3286667604cee87a221b76c4e776f13	0	POS002191	1
bar-154050edbca8bc3894eabdab83bda6a6	0	POS002192	1
bar-30fcd69c1db0b9a295fd111ffd500d7f	0	POS002193	1
bar-5b1039e89fe386f9bf2327749d27a96c	0	POS002194	1
bar-8d915e1163d7e847609ce07876a60e2a	0	POS002195	1
bar-360bde9008ace41cf2b47454eee2ba64	0	POS002196	1
bar-8d915e1163d7e847609ce07876a60e2a	0	POS002197	1
bar-4f13514776815ee8ba7a229bb7f61e7c	0	POS002198	1
bar-2a245320c0ab0cc4f53a98aa401ae85b	0	POS002199	1
bar-a4f4be3f3bd66cc3d3a7e04d46c328e4	0	POS002200	1
bar-9fd60fe8221f63971f17cfda8722296c	0	POS002201	1
bar-89788646b0c01009fe51317855d81e20	0	POS002202	1
bar-df39bc33cdd6150954956bb5b3b8880f	0	POS002203	1
bar-166f1687883f4f160532be31fa8f4345	0	POS002204	1
bar-5a3b33ff98b91324261862423c8cc282	0	POS002205	1
bar-dd018554515dbf60501a2cf71696bc97	0	POS002206	1
bar-db2f32f612cc61b6681ea957323cafb6	0	POS002207	1
bar-3c454df7d2d3c32a7dd01347d6545b2e	0	POS002208	1
bar-8cb564ee413cdfcee6c7b7440f18db71	0	POS002209	1
bar-a30c384df44ce489f66acc68fbac3ae6	0	POS002210	1
bar-13e01d714a8be3e31a17efe5fbdcecd8	0	POS002211	1
bar-d27d11b49bf027d843aaa3a5c71bb27a	0	POS002212	1
bar-cc58fb4c08eabb81ddde7e36c9b49741	0	POS002213	1
bar-f482c36b06e8d752a32ccae44a76c79b	0	POS002214	1
bar-038da1beefff106f8133b62491c219f1	0	POS002215	1
bar-9ef4142459270a2b17dee79f7417bab2	0	POS002216	1
bar-6ccc2cc404a4fd7f875876c8fd4309e2	0	POS002217	1
bar-12775de33e69fe70831577662a0bfa93	0	POS002218	1
bar-fc3e8446550d7ab676953d5db687100a	0	POS002219	1
bar-d240bc2f65fd2f9b5e9339e5450230f0	0	POS002220	1
bar-c6c54bc8b6b3c5c5433d1ae2eb56caf1	0	POS002221	1
bar-7e1e9a1784846ce368882978a6590a3f	0	POS002222	1
bar-ee0356644b38456f4caacc213bdaef23	0	POS002223	1
bar-fdee7a75b1272bfa8b6f5af598bee4c1	0	POS002224	1
bar-747575b6975bc037961b5bb401291525	0	POS002225	1
bar-5cbb93fa86f9f698f6f1b256054aa288	0	POS002226	1
bar-eb0ccf6b17bd88ddbe429c3712325653	0	POS002227	1
bar-dfa37c152d6667082e3d3239dfaac75e	0	POS002228	1
bar-bd9076ed49dba602d0764cf5a85efd45	0	POS002229	1
bar-d1d9837bc7273dbb67b716c2dd1cd14e	0	POS002230	1
bar-f424f88c8b2ba8d20b3f1cee4cbb8b9f	0	POS002231	1
bar-2f2b516b0af66548be20f2a570a4b2d4	0	POS002232	1
bar-7cd1981cdc87f4998d970138c289fa72	0	POS002233	1
bar-f35e703b5402caf83fdcf7bf0c3d339b	0	POS002234	1
bar-e5afb104b4d745e490cf5fec0c5660a4	0	POS002235	1
bar-bc4202557e65d7ffb9ffcae6a8595587	0	POS002236	1
bar-ee02e6c271ee7a87080650173e4acd75	0	POS002237	1
bar-87a9bb88d897938e2db482872b81fa86	0	POS002238	1
bar-1cbbe70a7a3572adc174bde4a3b798bf	0	POS002239	1
bar-fbf106b5a0a07625799150430ef28ecf	0	POS002240	1
bar-24e5ce8387e98eecf78e9fc2ebc25b82	0	POS002241	1
bar-e3346ec0bb6e62fdd7c5e0bc3a23dc34	0	POS002242	1
bar-796db7313008bb6acc209c8551d2bd71	0	POS002243	1
bar-782e08f557e05ed4e07272b88a06f967	0	POS002244	1
bar-d35aa81dc1d3cf1c83df95ac84638aba	0	POS002245	1
bar-69a089a6ca72e31a05795482ebda10a8	0	POS002246	1
bar-109130e279eb46da1518d2cd9173d744	0	POS002247	1
bar-0f430f42844ce286e984d122516ceaaa	0	POS002248	1
bar-07bbd6ce0f8c3fcb2121ff3b9a8c03dd	0	POS002249	1
bar-0174559576b0df4fe1644eb0139defdb	0	POS002250	1
bar-3996b07c6f45eee7ca7600e530ee96e4	0	POS002251	1
bar-b58390b438b168a97b65a7be613f8e83	0	POS002252	1
bar-ed70ca19158ee03272a6112bacacabba	0	POS002253	1
bar-ed63bae515c5dd1560083d17a4a7e622	0	POS002254	1
bar-4154dae36193bef6cf2888c9a988b325	0	POS002255	1
bar-bbb7df11ee00defea2a86e3bd45ea34d	0	POS002256	1
bar-3bb483ce0ccf447a06c614e61db29351	0	POS002257	1
bar-201430c63d52026bc0864eb516c97a26	0	POS002258	1
bar-b20fc4d5ab15cbfe57cff508e476a3ca	0	POS002259	1
bar-3021916bae657ae2427c7ab6ac83f7b6	0	POS002260	1
bar-9c15a11e2cb416f0bfb061845a6db243	0	POS002261	1
bar-0783c694958993c7e836484c22f7e316	0	POS002262	1
bar-ad82fa246b64d908c262da3bc16d5a03	0	POS002263	1
bar-8a53f629af40842d62c3206567cfe363	0	POS002264	1
bar-9f95c245117194b0071ffde634139c8a	0	POS002265	1
bar-6fdc57fd1fc28fa4bc1e821cafd5936d	0	POS002266	1
bar-18b03c4b0657b25f631c6920075fb116	0	POS002267	1
bar-0495a038a47a093f62b0a82a549f13c4	0	POS002268	1
bar-36289f1f9b9a41139d53779a6b44121c	0	POS002269	1
bar-b4c9c39293fb366384cfb8961ca395ee	0	POS002270	1
bar-4b83b138fa0a6da1c22f6568a3e89bfc	0	POS002271	1
bar-0482b1ac9a9e928e9494fc36aae6d9c3	0	POS002272	1
bar-320f229d69ae280674a1238e0e44c58c	0	POS002273	1
bar-ed996979395342c05e5e957295e87398	0	POS002274	1
bar-f8282879d216609f09b51559577e384f	0	POS002275	1
bar-6bdd65e1764c6381271fe16fed5a3d07	0	POS002276	1
bar-3531f1bda6fcfbe87e324bf79523c459	0	POS002277	1
bar-96bcd72599f37c75af5c03fe5858cb10	0	POS002278	1
bar-dcfe8098fc719dd514da86a6e29a0438	0	POS002279	1
bar-9973e7edf600a65764c42ca4682db382	0	POS002280	1
bar-85692bad8a0fe6c283c93f1a3325cedf	0	POS002281	1
bar-38bca21b31fb3b3f3a0231b804accab4	0	POS002282	1
bar-abc814cf96caaa3f3af296c3a1f1f3f1	0	POS002283	1
bar-ea9f306ef0c19b3f6b533426e042b63c	0	POS002284	1
bar-a14b5818901ec9b447392e0dcbe923af	0	POS002285	1
bar-85fadf305af3ed109f06f5d92dcfd840	0	POS002286	1
bar-a398b24b736589b434de014cb5d7ba04	0	POS002287	1
bar-a27f4b837bbd10a4af92648d3e3b19d1	0	POS002288	1
bar-97d8134ccf2a6e142a58ac00e5bc09a0	0	POS002289	1
bar-6adda7018a4656c46712980cf67a7bf5	0	POS002290	1
bar-71e3dd1ba797cf51eb50e074454f8544	0	POS002291	1
bar-c3c005132f5b6b1f25cd4f6f17f197bf	0	POS002292	1
bar-d3390a440c5f3448c30effd2818359b7	0	POS002293	1
bar-e93725ac2aaf45e894b95f39149504b6	0	POS002294	1
bar-9ad2172b08480c8f7c9217c893117114	0	POS002295	1
bar-fdf2867f35ed07fbc6d838a4d4dde0f2	0	POS002296	1
bar-2ce098e2a0bb16ce52dbe1915561a34b	0	POS002297	1
bar-01c0440e92e042243944a0b94b089759	0	POS002298	1
bar-7862767b7a9aec988e5ad001e39f5d4d	0	POS002299	1
bar-f7c49b5fa048d90bd62c4905004bb351	0	POS002300	1
bar-e9eac71815afce2337663f37074e6d52	0	POS002301	1
bar-8425161a6dc504ab6c1706a0bf2a717d	0	POS002302	1
bar-6f67dbaa19b91aa9360b81d7b465c8e4	0	POS002303	1
bar-04757238ed1aae4ea333d5eb4ec02629	0	POS002304	1
bar-dc9bbf31a812e6e15b1022fec8b0b900	0	POS002305	1
bar-39716b294f62ee0ffcb19611dc1b50bf	0	POS002306	1
bar-3fb74459aa147b73ed17538188d62ccf	0	POS002307	1
bar-8d2be2d5a0b0d2911666030dbcd1b2e7	0	POS002308	1
bar-98823ec8092751f4f5b67b39c9d79ae3	0	POS002309	1
bar-be746c65c11a0afe5bc66c2c9b701498	0	POS002310	1
bar-b20c6d6d236a33c9e4ffef2aa96a9223	0	POS002311	1
bar-3555f2265cc696f0357a7a8778b99d07	0	POS002312	1
bar-c45fbd7c25768fa40a75f1c8f1938827	0	POS002313	1
bar-ac88c674dffef4e0f61b1a7b8f1c9a32	0	POS002314	1
bar-a7f214e00c6316114b14d0b2683f3db6	0	POS002315	1
bar-80c9000c35d2d6c1db4f36a79fa1122c	0	POS002316	1
bar-9465a59cd0c96cbc03e9440aef522233	0	POS002317	1
bar-e771bd2d6cd45208befdd102e1059f18	0	POS002318	1
bar-b4bdf693b78d7fd0ea14d94469b01576	0	POS002319	1
bar-b75b29fe5913268eae9e2f9c00839dc1	0	POS002320	1
bar-9161fdc4d234ffa2021d673083fa117c	0	POS002321	1
bar-36f95c4b26dbcdbd3796ef93c5f41203	0	POS002322	1
bar-5a1634d1aa758251baee36280641cbbe	0	POS002323	1
bar-5485adb4bed8ac9e8649404ceb10fced	0	POS002324	1
bar-1d766601a2b011e2af970925faeb6bcc	0	POS002325	1
bar-2ad66c2dfa04365247f14407c3b1635e	0	POS002326	1
bar-7f9884e4d041464df7e30b4f686f9d22	0	POS002327	1
bar-cb083c37c61d209804b7cfe42a01f7a7	0	POS002328	1
bar-fc27e278d6efff4c968bdf9223bbb322	0	POS002329	1
bar-6b5feaff36541d153e2dcd8c7340b326	0	POS002330	1
bar-8d28d31d0552769157a4f651ef1584b1	0	POS002331	1
bar-a657204a6a4a96b304133ee606b1c3b2	0	POS002332	1
bar-b2d9432036333ccd268f2a9ca64b1167	0	POS002333	1
bar-e2ead2c1c9b4bc5a9fadfcc775fde8ce	0	POS002334	1
bar-f8a20ec9b705296ba7a94715b009e619	0	POS002335	1
bar-418d0f292d463fc20c1f93067dece73c	0	POS002336	1
bar-2f644a3ad1e38c185b5211b84a07ac37	0	POS002337	1
bar-61cf5969709698db4e5e71c3ce522509	0	POS002338	1
bar-9cd621120fe52972468801cec6268bba	0	POS002339	1
bar-4c10ca1904f10ab1dc4a448c78285375	0	POS002340	1
bar-4626d71463cef69b05d421de003f7ac5	0	POS002341	1
bar-19d38f0ca5c5b57af5734d9d7d9d98d2	0	POS002342	1
bar-c9902205012f36217a0437b2d4c3bb53	0	POS002343	1
bar-4afe8b6e0ec11b454ced1406ad59ab70	0	POS002344	1
bar-f7805eb9d0f6ad7c1560bcec160339ee	0	POS002345	1
bar-1f52005d14e780b945895434aac31beb	0	POS002346	1
bar-1257b589aad55bfa9eb67373e67281ae	0	POS002347	1
bar-d6a4f1f8f3c28eb2781c4a5b85bd4be0	0	POS002348	1
bar-3789f4064a44a3a9f3e3bc1dbbca9872	0	POS002349	1
bar-8886a0f3cd0bc98fda023e7ad4ab6860	0	POS002350	1
bar-62345d552cd1be85769d72228e6181c0	0	POS002351	1
bar-ee4cd9771cb233ad6a3037627760f4cf	0	POS002352	1
bar-f3694f5ff7fc907d936bd473b54cd130	0	POS002353	1
bar-2398df07690345f4a94a27b09c866c87	0	POS002354	1
bar-ddca9d6adeb2d240fceb822c88b40edc	0	POS002355	1
bar-e745ce3d9363adfeee11d421fd94acf2	0	POS002356	1
bar-093a2d3bd131fb3bcd4d36f754e5f4aa	0	POS002357	1
bar-069fe4b1c6518903d17122dad2045570	0	POS002358	1
bar-395d1bec771770dae4bde3aace486101	0	POS002359	1
bar-7b6a6245c3df29f277375c33ee5d925f	0	POS002360	1
bar-665227537ff75d363d9a838427b42623	0	POS002361	1
bar-25580228be1e37af56635baf78ffddc0	0	POS002362	1
bar-51abe0149ecea717fd61e0fe5b0cd7e7	0	POS002363	1
bar-0581af23132a366612298d67f99d9580	0	POS002364	1
bar-f5f259bd549b7c351b9cb57a73b190e4	0	POS002365	1
bar-39ba3b3a37856b14ae11ac452abf8760	0	POS002366	1
bar-0e8fcbbc25ccf0b101c39030f51554df	0	POS002367	1
bar-ef87204d0e4b61c5a3c601af9009682a	0	POS002368	1
bar-1eeadf5b12dcb40c12c44542026b962c	0	POS002369	1
bar-4194832927ca84181990343e2bd32c94	0	POS002370	1
bar-f8948840412c413b22d0ecf30ae29c9c	0	POS002371	1
bar-52e6b19011c58d58fa6360439542945c	0	POS002372	1
bar-d461f39e664d5b4524819542261b93d3	0	POS002373	1
bar-ef4e8997c64b9e11e9b45bba32f170bb	0	POS002374	1
bar-c9315225196c06a8a104dc8f1309917a	0	POS002375	1
bar-622bf030ac6ecdcdea61f436b880bdc2	0	POS002376	1
bar-9182624d6ebef7d06fbc898736ff1685	0	POS002377	1
bar-1632011b4e142935f98c1ee775304903	0	POS002378	1
bar-902c82253ca63804828a63519712ce4d	0	POS002379	1
bar-a11cdda31b1c247e9f6fafc90f3b283e	0	POS002380	1
bar-66e838019022a9a81115db28fcaaf51b	0	POS002381	1
bar-9ac51831757ad3c63ebbdf6c97d875bb	0	POS002382	1
bar-d72725620992bff2df5f02465d934b52	0	POS002383	1
bar-820452c4d32b4c86caaf635f02ebe7cd	0	POS002384	1
bar-cca35350280a11816dc69565782f4780	0	POS002385	1
bar-b80062cc69ad969e2ce798c9c0ecafb9	0	POS002386	1
bar-b07387381810e4864a95bf34299b94fc	0	POS002387	1
bar-b47fdafce3aceaac2a6b9deb258100ff	0	POS002388	1
bar-e43bbd39b478911823a471dc67ef0c88	0	POS002389	1
bar-573526556271a971a6d645e0c77ea816	0	POS002390	1
bar-4faf7bcb51ba743c36b8addfeb88f187	0	POS002391	1
bar-f36f29a27ae2d2f46df53ec8fe645138	0	POS002392	1
bar-3632509738d51996ff730f478e69fa7f	0	POS002393	1
bar-7bfe823d4f86ece306860bdb8d3fc711	0	POS002394	1
bar-ef43e34a804e83578e12e5a06ca44fcc	0	POS002395	1
bar-725cb7ab98501b3c003f2d8ff1711068	0	POS002396	1
bar-6a2e849194ef048b7a5f59b1b16e3484	0	POS002397	1
bar-977924404d882a3f67712e161c9dcdf1	0	POS002398	1
bar-738e019472fbcd406a7cf07b5ff32277	0	POS002399	1
bar-e21bebdf4307c488428b37187dd29d3a	0	POS002400	1
bar-c45ff5cb62ed52202f4437c8b59dd36f	0	POS002401	1
bar-97b977da8334dc50337877ad111c7456	0	POS002402	1
bar-506896e957a3f1e14ba54cfe868a7f0e	0	POS002403	1
bar-ab67a60b8a8dbba1364b06a5cde27cc9	0	POS002404	1
bar-a085af559aab3481084c981d78f3b560	0	POS002405	1
bar-f88c6ba01c1a078b96d4c13a6086cd33	0	POS002406	1
bar-cdf7992078dc39feecce7539cf447d1b	0	POS002407	1
bar-e58a750bc2b101952e912a3f71a3c37b	0	POS002408	1
bar-39fe7831ec9764604869259a13d72cd3	0	POS002409	1
bar-69f5f483c90db5d4dd8fce1f36a4d304	0	POS002410	1
bar-c86c6285f50fa7e6152e5068b3a8dd4a	0	POS002411	1
bar-d7d362078d029de23cf1bdcced434f79	0	POS002412	1
bar-0c5917a99973fe5a7afae217a09ac537	0	POS002413	1
bar-c17e22c5b66278b31bd22f6f744c1760	0	POS002414	1
bar-69cd9d53af60a5679ebb508b87da570a	0	POS002415	1
bar-8d4adfafdf04e3da009f5cb3202c1746	0	POS002416	1
bar-a0986080866f84161d2fba41cf6055a7	0	POS002417	1
bar-509a07cfbb7df255d74e0ec54af59f65	0	POS002418	1
bar-019be767ca8ef3c0c258321f9d56059a	0	POS002419	1
bar-d3035272854e14ae2d978c09ab240b9d	0	POS002420	1
bar-f9e72cd6d212b629edf32e8f00a8d3bd	0	POS002421	1
bar-f6bdddbfbc951c2740362c861137e555	0	POS002422	1
bar-1efd35f867b2e0fc6b55bdeaefbadca3	0	POS002423	1
bar-6a98b89fc1c4aa559631d89f1d0dcd45	0	POS002424	1
bar-5e166cad6d62aec86003c69037b78f8c	0	POS002425	1
bar-120f80815756226e7f82584eb8671650	0	POS002426	1
bar-75ca2111106e6c93e38b1041af3706f8	0	POS002427	1
bar-d8afdf8159e1d4cf9621d1516f77c891	0	POS002428	1
bar-ead6ef430a1a725cd1ed0d15dce9fc05	0	POS002429	1
bar-86a528d5c059a09611950b92be7557d5	0	POS002430	1
bar-f3015c91d13bdbbc97eb1d6d169362e6	0	POS002431	1
bar-919e3f541bd3b42881f8667f8e3a46ba	0	POS002432	1
bar-095bde2627ee7d1422240c83a3e07342	0	POS002433	1
bar-5fca7bc8ef746f9e742d013c1147f43d	0	POS002434	1
bar-d0f4e3871e76dee78d1ac2eace124987	0	POS002435	1
bar-3c1c3fa999301221063605821923a5b8	0	POS002436	1
bar-e07b8f80cbf5d085689af8fdea418cec	0	POS002437	1
bar-cf8b3569a015d594f4918f08d6c01cd7	0	POS002438	1
bar-d8ccb55afce2248fde23374d1f562561	0	POS002439	1
bar-a1b8cb11810bfe5d8d84bd3b5c582716	0	POS002440	1
bar-2af64896b332bb8b82104d17845fdd08	0	POS002441	1
bar-96512a99f227f83e9164fd3a067cef10	0	POS002442	1
bar-a160d6580cb03c708dbb3e8388da65c7	0	POS002443	1
bar-1bf4b3a042ad08acd52414937cf531e7	0	POS002444	1
bar-113640fb6eb89e1972940e9ae3530f13	0	POS002445	1
bar-7918f17224a65727d929effe74685ede	0	POS002446	1
bar-ccf6dd9fe41445fe4929bc2976314b63	0	POS002447	1
bar-6f46d8b200e28da723226e10ae781fc0	0	POS002448	1
bar-fb029695fa509059bcc6de70d2df84a2	0	POS002449	1
bar-77198ebaa2da553fa3e68530f5ce4102	0	POS002450	1
bar-77198ebaa2da553fa3e68530f5ce4102	0	POS002451	1
bar-4f0cc383640888d55e9ac1b30ccd19d9	0	POS002452	1
bar-c918fea0f712ebae1cb7b714ea716496	0	POS002453	1
bar-1abf6ce7b3c1702d2eeac4583ee48efc	0	POS002454	1
bar-adc102feb5dc313df50f4681f6b3b54f	0	POS002455	1
bar-5b8f1274b23b637f43eaa239c8aa0b82	0	POS002456	1
bar-db283b70a17a6e4ae293f9df7da57913	0	POS002457	1
bar-3dc6e59a7a46b70b7eb96532ef00eea2	0	POS002458	1
bar-b7b63f617632a61004b99ade3d9324c7	0	POS002459	1
bar-df3a458f6b22610b20de5afc628f8129	0	POS002460	1
bar-6da08c4012dad61d6b7ae4d2b1e44982	0	POS002461	1
bar-3b35969d1ad03114ca871efd313029d3	0	POS002462	1
bar-8fd78704c689f6a0d618e39e99df84b1	0	POS002463	1
bar-b86282e1e7ebc732efeffe06db31e72d	0	POS002464	1
bar-a5f609717f6458712903c6c46cf9be58	0	POS002465	1
bar-f9778d42289f743d9a55f863c682409c	0	POS002466	1
bar-2099c4b6a8091625f08177ddcc54e747	0	POS002467	1
bar-fe8568bb52324deaa6a5b319eba29b16	0	POS002468	1
bar-883b4b489a65cefc1d5965ee8e07d4c2	0	POS002469	1
bar-fdf7fc3349b440cdde7bb055228cce40	0	POS002470	1
bar-e95df17d5640dc9bab92f8724545f27d	0	POS002471	1
bar-331f70c6bd20cdc91cbe729a4b43eef5	0	POS002472	1
bar-9dee55c4400a855163480bd55f0e93f9	0	POS002473	1
bar-167b0b0af57b06fce20b538a38e30588	0	POS002474	1
bar-0ba229efde4ae28498d3f6634e9fd758	0	POS002475	1
bar-9324f70c77f84c943400c4394fd050c2	0	POS002476	1
bar-ed231d751532f4e1fadf70583aadb639	0	POS002477	1
bar-68d1e861261cb4fd3bf046c58b9d1ded	0	POS002478	1
bar-547fdc0a8ac823028a293d68906ddd77	0	POS002479	1
bar-bb62b75d8c3c9902941bff1af8113028	0	POS002480	1
bar-33f91371a4dff4292fb9218ea444272e	0	POS002481	1
bar-b29ffbb5f44c63de31abe206cb279940	0	POS002482	1
bar-d1280a73b0b023f3d2d00f988c1d5546	0	POS002483	1
bar-ba7a74e27f6992ea713c3893a215e0dd	0	POS002484	1
bar-cd3fa852a721b29a37b77326d6e3c73b	0	POS002485	1
bar-ee290b7d4c4210e4e6cf814b3d42eb75	0	POS002486	1
bar-5ef99a62d077990915e648559ec4153c	0	POS002487	1
bar-028834346d8dcc4e113a7f8765e503a6	0	POS002488	1
bar-1c423790d65bb885dbc532031e345d68	0	POS002489	1
bar-4a80ce438f72431dad6a1f372c45ffc5	0	POS002490	1
bar-768c871ffaa3c99cbc0382404aa54177	0	POS002491	1
bar-827300fb8db5a27fe26edbb31d2844d9	0	POS002492	1
bar-78c75075022f4cb56bb6a60831e9c134	0	POS002493	1
bar-aabd41a7ab76412607d2742b2ee717ac	0	POS002494	1
bar-53709351f70ea5047657637fcab5f797	0	POS002495	1
bar-dd9f2610f6a5994282b7edaa056fbebf	0	POS002496	1
bar-a9e1f92e994394bc5b58a782b4604103	0	POS002497	1
bar-5f813e9b8715ad971182f92a9ee41298	0	POS002498	1
bar-557e3ecf2a656d5da62ea779515ec855	0	POS002499	1
bar-ebc09f4086cc92052f95a8290f45cc9d	0	POS002500	1
bar-cdd3c1eec165450b20ad5a9da3eea5c5	0	POS002501	1
bar-c211c66074981b0c9949ebaff5283e06	0	POS002502	1
bar-8da3abdb7e592f3c4e4ef1375d0cd089	0	POS002503	1
bar-6ea31cff4a753be0099871deb2289a9d	0	POS002504	1
bar-2919a54dfd6666d3294d3cde24047228	0	POS002505	1
bar-e42ebc971177e4d1ecba2c22b251b1f1	0	POS002506	1
bar-e2b0fc61292c5b5c63a0039f3524b52b	0	POS002507	1
bar-27b1c54a7bad639a09e4495363b3de2f	0	POS002508	1
bar-1aeba36e7cad59814e803e6fefe447f1	0	POS002509	1
bar-07e465a1bb42f2d55876c82146599b94	0	POS002510	1
bar-f7fc74fe352ab26e22cf97907cec0bec	0	POS002511	1
bar-62575f4dfeeb63e56a050770384b7c5e	0	POS002512	1
bar-1a11def496ff420884386cba8366efcb	0	POS002513	1
bar-902858e77d9acd6016bc42c07068079e	0	POS002514	1
bar-9a96be6b5e6ac01ce5b5bdebbebb113d	0	POS002515	1
bar-5c6843f73b0ac04b43177b3d42f6e31b	0	POS002516	1
bar-92673720d52af353446bbb69dad668c4	0	POS002517	1
bar-5ee12842c9fb4f9985f3370a575a8110	0	POS002518	1
bar-f9086889c40c7741642361b4c17b52f2	0	POS002519	1
bar-93b935aa887745af1590086aa061807c	0	POS002520	1
bar-fa7a30b6fafb83d4594cf6b4fa32bc65	0	POS002521	1
bar-3c14c10ca6dd0fb8c1a84ccc4ef08a62	0	POS002522	1
bar-c89cdac7ab059c2913daa9a8da339dd5	0	POS002523	1
bar-731d5fdd59822efb83e6257274c76964	0	POS002524	1
bar-ae83c8b4f801d90691756913eccc51b6	0	POS002525	1
bar-7da65fd1c7746d663f4621bb28ac811e	0	POS002526	1
bar-e8b789130719962e66876994597aec65	0	POS002527	1
bar-7148e87ef4dfb858c0c2504a5f75df7d	0	POS002528	1
bar-f369259d35a4ded16b5a899cca7594c8	0	POS002529	1
bar-c4ae621f4aebd5f87d099fd24fbdd886	0	POS002530	1
bar-c9ca82218e198e3604a2dda28b275ec2	0	POS002531	1
bar-8ebc78dd213a1e3a3cfdc2cc2f86195d	0	POS002532	1
bar-52d83e5e200c437f2b58731a8c92244e	0	POS002533	1
bar-07d9c6f877ae58ae817e83db4eabf13f	0	POS002534	1
bar-f17445dd34a48b81a36d2bcd36ad9351	0	POS002535	1
bar-72f5422e8843ad7cb1cac417cdd5ab46	0	POS002536	1
bar-8ccf82fe9fb9bcda4c55568db16ee56c	0	POS002537	1
bar-92eb3c9581134bfbe37ab510c73579a7	0	POS002538	1
bar-bb71791f41a0154006c79b9964b17954	0	POS002539	1
bar-ba7c89c93f2e8cda90de4de05fd2554a	0	POS002540	1
bar-761d817873cfcda13ba733703d073d96	0	POS002541	1
bar-c6ce63128f152f333f61fb298577f97e	0	POS002542	1
bar-6c3af0ffb8caaecc969009d930a86f33	0	POS002543	1
bar-c68d9f0c9c4137475ba25da704278e50	0	POS002544	1
bar-aad9ad8f868cf7dc416b3c200ae6c20e	0	POS002545	1
bar-99cb290e31dffc27cbaff7cdfa316257	0	POS002546	1
bar-c88033508dfb9c7b324f0a517b08ffb4	0	POS002547	1
bar-a77fa1f82f20a2e2355fbf8597e73a50	0	POS002548	1
bar-d887fe2b4500c90b682bbee0346881c4	0	POS002549	1
bar-dba1f00b90d0a407a021c88a10da84de	0	POS002550	1
bar-eb32244a31fda4b25817ea7b09137aad	0	POS002551	1
bar-258c41c0a439b97c7963b203adb71d2b	0	POS002552	1
bar-c50f1711e6e602b3bb2040fd41e4e615	0	POS002553	1
bar-7b4f6ac007618aeb85fa508085be97af	0	POS002554	1
bar-4ece95a977904ae3754cb2ae3710763e	0	POS002555	1
bar-16c5bc897e48c79de91431b6aa9378a7	0	POS002556	1
bar-b8213de704b33d468101d80a7f04a05c	0	POS002557	1
bar-d4660e18e2efcfba78ac5a92d37ebe7b	0	POS002558	1
bar-d5f3164cf29f5aa5ffea33e7f4eeae54	0	POS002559	1
bar-bdb512ff4ad61144b8b920d4dd40fa97	0	POS002560	1
bar-381f3d4276e8f3ded48be6df297384f3	0	POS002561	1
bar-3c12c8548fdb2fa7558cbc90658c5772	0	POS002562	1
bar-d604bf3b05ff0b91eba086157827ceea	0	POS002563	1
bar-572ef20775efc1e2ec97ba877800723f	0	POS002564	1
bar-4bed90b94b9df53207d5a2d5e1afea63	0	POS002565	1
bar-97be8e79c2ce012cd4896c1f9a09998a	0	POS002566	1
bar-1d043485699e7df6bed8894b4b8f6ff9	0	POS002567	1
bar-b416f2cf94684f9356d15d59fa21e44a	0	POS002568	1
bar-826a3e06f290733996919e0c47472064	0	POS002569	1
bar-4ef8d74a29fd8d628b011dac47034a30	0	POS002570	1
bar-16f733949abda80a453df9767a02a0b4	0	POS002571	1
bar-d7bf16a056aafc3c8220a411a0c6591a	0	POS002572	1
bar-162f21b42c5bbf6a7597ca3b4c65fe47	0	POS002573	1
bar-8a1670334fb46df15d61904ab4e61369	0	POS002574	1
bar-5fcdde5329d4d99d771ef4f5e19f1b40	0	POS002575	1
bar-d3de5d7090b529a9ec8c0c21d6e2ef5b	0	POS002576	1
bar-6ebf6cbf92f34a5af9e4d6cf1e1440fe	0	POS002577	1
bar-d76d6da3d29892a6de5432f056c13613	0	POS002578	1
bar-07323caa410aa40865eb7ee728de2dcd	0	POS002579	1
bar-5ce81b7d47844bab1a4c39f3c58823cb	0	POS002580	1
bar-17e71ab02450987b19085f5e8ed938c4	0	POS002581	1
bar-9923bd3b2b5beac28353b99b13547b09	0	POS002582	1
bar-75d9be1ed95087fbb1b39d3564c579ba	0	POS002583	1
bar-e262812c0fb89b3d4b3fbc3a115ac0d3	0	POS002584	1
bar-8a4367c0803c73605a7e73e356b209c4	0	POS002585	1
bar-16c467e35e54b6794f1f70c42483e347	0	POS002586	1
bar-98055d5c422e18f39fdc86e53a9f5b6b	0	POS002587	1
bar-96e84d32399143141b2f2363fa1fc1c7	0	POS002588	1
bar-e662528155faec9b787f567c77b107b2	0	POS002589	1
bar-0aeb6f7f0a3cbbde9aa554dbf1c14cf5	0	POS002590	1
bar-054c5aad9cf77a6f8f8c42e97441e490	0	POS002591	1
bar-f9aff9507eadf70d51a3b1aa860bc6f2	0	POS002592	1
bar-7afb01b109df0aad046f3850c83f96d7	0	POS002593	1
bar-37163d8f5e19a693fd47a2f4f7e194b4	0	POS002594	1
bar-321d843ef58d97d99d1684bb78c9e412	0	POS002595	1
bar-b41d6bdedb13f7b9793463fa4ee5e3e7	0	POS002596	1
bar-192c0ca1bb57494a4c24c853fe68331e	0	POS002597	1
bar-c502e62755c690d4650efc5d455b89e3	0	POS002598	1
bar-39381637d5afc61df46d9c37a97c4e7a	0	POS002599	1
bar-a69a9d5ee56e902f3d52e7e58c8d0d42	0	POS002600	1
bar-14ac5f5a7783b937cd6af642d44c4781	0	POS002601	1
bar-2c876aea7d968c36a86cc7f9320141a2	0	POS002602	1
bar-f6f034e9929af92ca44bbebcddd6fccd	0	POS002603	1
bar-7a028b1de28a68d369de00d7e51e3164	0	POS002604	1
bar-fba2dc8970b2af4e3779a9faf54b57bf	0	POS002605	1
bar-11ab1bbe25f6676b515456916f0f6324	0	POS002606	1
bar-d1cf6f15ede100130fb8d3c774b54065	0	POS002607	1
bar-bd1d42d87807613c392dadca693f125e	0	POS002608	1
bar-b6056865761711440dec7ae183e084ef	0	POS002609	1
bar-01b4773e9da66787b3cc2a3364f64b35	0	POS002610	1
bar-00b9f45d32c05bdc14e1609730c22965	0	POS002611	1
bar-b00b1eab0c12772477177e16437a592e	0	POS002612	1
bar-660022389b566dee8b5ee37146608497	0	POS002613	1
bar-02ec6aa6f62296df09575410db1a06b1	0	POS002614	1
bar-aaa7a559c61ff1d616b31fe120f25bd8	0	POS002615	1
bar-bf6a69c9ebc986f83f94cbf323216381	0	POS002616	1
bar-104ffb7215e628d8c622f976e2849874	0	POS002617	1
bar-7149f3d25309b91cdb4099577f43f779	0	POS002618	1
bar-9a92bfa5b05b792c991782478e5e7fc5	0	POS002619	1
bar-cba4c0b49f3e4004494093828c5117a1	0	POS002620	1
bar-3b0e094e494f133454b801ef1399c064	0	POS002621	1
bar-f5a05a34a3a9ea2b18cd3f8998de2ca6	0	POS002622	1
bar-f5a05a34a3a9ea2b18cd3f8998de2ca6	0	POS002623	1
bar-340345537b52bc01835a733bef84a5f4	0	POS002624	1
bar-9985d6b2b4007e614b5d833be203cf5f	0	POS002625	1
bar-acd500c6678721ec27541d388f717d59	0	POS002626	1
bar-545f378486aaa1271a6e4201a3f54106	0	POS002627	1
bar-eea4f481157ab56b943af95e9123fb40	0	POS002628	1
bar-dd0d3ae8d11a46dbed69611b6b4daf02	0	POS002629	1
bar-4208a90be30834e2b8398129be677796	0	POS002630	1
bar-de052cb787e4a7e52c5063ecb451a0d3	0	POS002631	1
bar-18b339bcfd7f73b29ffb795dd63a82bd	0	POS002632	1
bar-303772a5d31f7afb33dd0a30aa0c5367	0	POS002633	1
bar-0311711b426494b5f072f999e487c0cd	0	POS002634	1
bar-99b039a64037f18cdbf0c342da7a6146	0	POS002635	1
bar-1d5e8e6cdbd1d01ba45ddc9f50e41254	0	POS002636	1
bar-e23b8fb1c11427dec92da789078ef24d	0	POS002637	1
bar-41a3a111d655aa7bba6f89aacc60d8c6	0	POS002638	1
bar-14e3b1eea26a20ba2445e545f2444c30	0	POS002639	1
bar-5455cfc675fa872910deaf8ab0caa5df	0	POS002640	1
bar-41c384f1977fc2d12b035fbab1d59562	0	POS002641	1
bar-f2e2a35174f331618a5607e76a76d5ce	0	POS002642	1
bar-1aabce909f15425655ccb2120c9fb1a2	0	POS002643	1
bar-ffdb8bdb83c8fbe0169242c15b948c4d	0	POS002644	1
bar-eab06be2f3cc0989495f5ecef4a35de8	0	POS002645	1
bar-fe3e943f9208a5e98e59c4a2ea3e2f1c	0	POS002646	1
bar-8eb3ad892684c63953abcdc136974c41	0	POS002647	1
bar-afe6de00d67a687bf6cc808f28734b4c	0	POS002648	1
bar-ee89f2840ff3d89e999c16064b9f63ca	0	POS002649	1
bar-540a7c2759c04373089bc8f1a3bf348d	0	POS002650	1
bar-0de3865066476549dc770a2e07154273	0	POS002651	1
bar-be5b1af0987b343f522e9f470641d79b	0	POS002652	1
bar-6fcab7256fa21249d5c9c0482d607ac6	0	POS002653	1
bar-950bf9031069acc899a5569bf045ced9	0	POS002654	1
bar-eaf4fa7ce9b1f60e9b5cb76549bc1d9a	0	POS002655	1
bar-387aa008b7dff605629137b16a10aed8	0	POS002656	1
bar-d4dd19a672f92285df25e8a8ed6e289f	0	POS002657	1
bar-05867070d13c82ceffdc966bab7731de	0	POS002658	1
bar-ed7199098a72d606412b0ecf86590179	0	POS002659	1
bar-506d53700f3b588ebb6847262fed42bc	0	POS002660	1
bar-24876b6c879f0d6cb9fed50a949649e7	0	POS002661	1
bar-f99b23e20a42f8122c55165331f191c7	0	POS002662	1
bar-b061438d8ad26e009a2c6e6f8c6b94c0	0	POS002663	1
bar-616e5fa7b2e2570debc283d759a9b1c9	0	POS002664	1
bar-33ddf54d9a9414430e7699acbb37cbc1	0	POS002665	1
bar-236a7378c4a3d75922329897bfffde92	0	POS002666	1
bar-5f1e96883c4347e8d8a81bc5edcba7c3	0	POS002667	1
bar-c5def189c2bd2bac4629afa7bcf772b4	0	POS002668	1
bar-8b13e63574bc9f9a99fc919745032f00	0	POS002669	1
bar-78117414a3fa5b7287ae4650abfb198e	0	POS002670	1
bar-d26e09e14271b68d9b1fe9a5d655765b	0	POS002671	1
bar-b1acef7d020d6b1e22928a6f64cec669	0	POS002672	1
bar-bf2e8388abe791d0b56c07589dea4101	0	POS002673	1
bar-0d422e743407bfe0a54f2ed83d57b082	0	POS002674	1
bar-95cfba7679d7c3e4aa3eb1a9fd13f301	0	POS002675	1
bar-d1149ec112ec758a9580d6e80da06487	0	POS002676	1
bar-3a4e773bfb7d1a150994de45a6215877	0	POS002677	1
bar-bdcfb949b32b0331eed8f0593a4cbaec	0	POS002678	1
bar-1feb423e75387886babc0e277c5450e3	0	POS002679	1
bar-4a21b97dbe82ec30e12dab36ccddec6c	0	POS002680	1
bar-97a521ef517d1b5b8bd6b4a3d22a591f	0	POS002681	1
bar-1b53d78262230f9cc41095d5a7aea8b9	0	POS002682	1
bar-da662993545c51b4a19a191a87258471	0	POS002683	1
bar-44031c004e548aa2e1d458b8afb9e569	0	POS002684	1
bar-a5cfc63e81f718815c288e068c02dbf8	0	POS002685	1
bar-40b9d98fa55c570510e00a677353b01b	0	POS002686	1
bar-6dbbb2b345806de93fe671b141bf1da2	0	POS002687	1
bar-4d9853c6d006bda1284a86f3215f2658	0	POS002688	1
bar-6df7f8c500378a8bf4ba5fa221307458	0	POS002689	1
bar-75a26b01678a6b9032b2fab2203bead2	0	POS002690	1
bar-276f6ce66f6db9e16dadf09dc1f9ba6c	0	POS002691	1
bar-6c6909014a64b8e17bdc7bdb0dacb498	0	POS002692	1
bar-0e9bed890be21bf72e2fa1a77ce5f62b	0	POS002693	1
bar-b3ff76c0cf25b78debb83f7e6252caf0	0	POS002694	1
bar-ff8a1e5d9a89e1a43c8d3bbe7ee2b001	0	POS002695	1
bar-e0e11b88ee65e01fbb7f0671b6a0b1ad	0	POS002696	1
bar-6704ff7af1d12a9e83cab43c910ef3f2	0	POS002697	1
bar-7026672639db761150257cac8f67d002	0	POS002698	1
bar-369ffd02f8315c838527aa4253f8acf1	0	POS002699	1
bar-ed0a7a1e3c9bf59a27dc7780dcba0150	0	POS002700	1
bar-4e3f1e46f1e408db3cb30373a463cec2	0	POS002701	1
bar-5558a71f180a313498f50bf4f6b722d0	0	POS002702	1
bar-bdea5d641ab8728cf67dbab78bb6af00	0	POS002703	1
bar-e12ebf1a8eb151cb4f01a84ca6f2ffbd	0	POS002704	1
bar-c0fa441d0dc37a7ee4b36e5f50238432	0	POS002705	1
bar-be728c55805d21e20503378f28dbad48	0	POS002706	1
bar-c33667966c20976845124dfe1f15722f	0	POS002707	1
bar-1ea2d7be1a4c0764e70094b51fa0b720	0	POS002708	1
bar-426cc7d5a0a013bb2282415ebc812200	0	POS002709	1
bar-9d0dc13aebf57e59fa4490daa5892f8a	0	POS002710	1
bar-00fee766fff3c15806dc2e06079dfa5d	0	POS002711	1
bar-1c62da56b3251ed2ce65fd4d536fbdf4	0	POS002712	1
bar-ace1bce42cb838cf048db17619de3f64	0	POS002713	1
bar-3d1f6e87fd971b3ee392982a3509fdec	0	POS002714	1
bar-d0ba024750e78455d5e77acab60bc81c	0	POS002715	1
bar-ab3ec3d18b82c7fb0ec8df9165d122e3	0	POS002716	1
bar-3c319cede398350d93f8871e20ce288f	0	POS002717	1
bar-0043c387a1ec68c323d109665340a924	0	POS002718	1
bar-cd61147cdd0d788a694d77925346e4ea	0	POS002719	1
bar-4df0c1fd8b5c34509bf806fbeb8fb26b	0	POS002720	1
bar-c3848ca7961329d26b723a0dd00c4ad1	0	POS002721	1
bar-dfdebb0be5e2da3308b5c88c899bf4c4	0	POS002722	1
bar-e7b8e21c08223c29910c355dd78d5c6c	0	POS002723	1
bar-7e004f8d813ab7880c4c1987815bd753	0	POS002724	1
bar-86ea3006a35dbf96c54796e9a333205c	0	POS002725	1
bar-cc24d02de31ac3e094885e637f36af9e	0	POS002726	1
bar-955f5d4b0ea382121412c6b7a125794c	0	POS002727	1
bar-53c0a1bb81e267d1060ff0408a8df183	0	POS002728	1
bar-17a8cefa75ca6c04323a7e00654e4bd9	0	POS002729	1
bar-8f5b5ee5472b5ee7150631a734832e7b	0	POS002730	1
bar-374ef597ca8cff4f5cd9f40beb34e68a	0	POS002731	1
bar-5d7a10675a3bb5862b541d0d762a018c	0	POS002732	1
bar-0f191f213dd7818e81fc98b73b4b8fc2	0	POS002733	1
bar-7308d1e2c3ccabf07981604835a744f7	0	POS002734	1
bar-054c12d447369eec6b4efa6312f2f69b	0	POS002735	1
bar-6184131d6f08071b23ab1bc2c0d1b09d	0	POS002736	1
bar-6cac5c5bce0a4bcb686acf2f3ba90fc3	0	POS002737	1
bar-921bbf8d39d3a1e5f33e441372200e72	0	POS002738	1
bar-24135e52cd77afa25d8a664f6098f548	0	POS002739	1
bar-f4acde330ab5a6bdfb025d69ac7750dd	0	POS002740	1
bar-df4d4cd2e11574fbfc3d3ddbf017f233	0	POS002741	1
bar-58c6923625e330bf4a8b070175e6b046	0	POS002742	1
bar-dc567df4c9b6795faee83fbda58a6b74	0	POS002743	1
bar-adc629ed343150902bffab308b04d9c9	0	POS002744	1
bar-663bd77badf81f6ad7220589f4710c31	0	POS002745	1
bar-7c01b18fe694516f8ca10f026c4018b2	0	POS002746	1
bar-46490c389ee6213f47f20271dfad6c3e	0	POS002747	1
bar-8612bf868ad9b1b0840f002c0a32f916	0	POS002748	1
bar-377fd3030805e3c6e843de4261854d9f	0	POS002749	1
bar-640396fe6a7821cab18ec3ae0b6cfb39	0	POS002750	1
bar-d1cc816a1a768fd79463e9c5017e7fef	0	POS002751	1
bar-467d65e4b2f25a99c1bc20de31fe2745	0	POS002752	1
bar-ef5db62efa39306c168e93211902b841	0	POS002753	1
bar-ecea6be13320360b37ee1ade8f1fba40	0	POS002754	1
bar-314ec0bf320ae5ed1de5af03cd6f2f8a	0	POS002755	1
bar-38dd68dfde3d8df45e566c95f7f93d06	0	POS002756	1
bar-e5891bd68e73e949e0c74f81224cdabd	0	POS002757	1
bar-d6b229e1840744e6593d4dbeb4b10e6d	0	POS002758	1
bar-ceed65c455217aaa958080d6f06f5e04	0	POS002759	1
bar-06d0fabab4dc59600bb1f545a6bca23c	0	POS002760	1
bar-608706b05a5e63757f36dac03cefa13e	0	POS002761	1
bar-87a85abe4fbf829b458bf4802453cf4c	0	POS002762	1
bar-4460f1c20e2509a43801a19bcce63de3	0	POS002763	1
bar-256f272dc59b3b25eacf2e391f22131a	0	POS002764	1
bar-6909d8d78f2de7e6e01f08cfb2048734	0	POS002765	1
bar-e47e519d2424dd30fe418e1e03f118b2	0	POS002766	1
bar-9e5070531209c8b08782b04d5ce75d9e	0	POS002767	1
bar-dc6cc3b17afe18547cc7bf67905946d9	0	POS002768	1
bar-27daee87f0be63ca4662bc127474f714	0	POS002769	1
bar-fa8beb069ee2311cd0a8073e955d7ccf	0	POS002770	1
bar-1e2634b45accbbdce8f044f37261e588	0	POS002771	1
bar-bf38c642b4771a44558ce7d9a3f5cc77	0	POS002772	1
bar-e5b923d615a5e57ea08634099bd70760	0	POS002773	1
bar-15c81ca793c5505ed0a6a6af78ae822c	0	POS002774	1
bar-fb839c735dc0322cae9f88bd32ee468d	0	POS002775	1
bar-0797b415e72b3692848ce61e5d013d5e	0	POS002776	1
bar-95948550f4374fd5943af86e6b5297c7	0	POS002777	1
bar-4eac37c502a4d98be57081045c380045	0	POS002778	1
bar-b4f737d53cf55304cb282bb555b395ca	0	POS002779	1
bar-bdb4c8114844427791bc0cbf4cc4597a	0	POS002780	1
bar-27ad48168af9546e5fda9d9103653b5c	0	POS002781	1
bar-2a64e51f9adb67a932d3afef0af4e247	0	POS002782	1
bar-b6989a68b7054b07aae9b5458671e182	0	POS002783	1
bar-bb19a0215e21bfb7f41ed4b66189ab00	0	POS002784	1
bar-0795972d1d21893bd01c931a3520185b	0	POS002785	1
bar-b2872812f89738e8fb18bc0230f9e981	0	POS002786	1
bar-0f8fd2c99cf583f9ccf046fd29c917b9	0	POS002787	1
bar-e9bb9f63515b2109bc69a276f733006c	0	POS002788	1
bar-bcfff48948168c6aaa70b33d66c5cd7c	0	POS002789	1
bar-127d21e3e77832a9945c7c74ddecd959	0	POS002790	1
bar-5d43a525ab88210b006054bf2f5cb9f1	0	POS002791	1
bar-acbb46fbf27e12c03059a24e6e6a0767	0	POS002792	1
bar-53a71586be3ad87da602c33dff92e395	0	POS002793	1
bar-12312cc334b5522331cdd02a29dd951e	0	POS002794	1
bar-9ea557e40079e5133defe394fb841d6c	0	POS002795	1
bar-a6debb9af8873b682a7daa15957caac7	0	POS002796	1
bar-6dce3604d6b55b757a942e9bcbf61bce	0	POS002797	1
bar-b9ecc4c30b39900d85a311056514c92e	0	POS002798	1
bar-18146f7dbd7402a471493ce4bf0a2560	0	POS002799	1
bar-149880a929653a385ab17b6f0b2bb412	0	POS002800	1
bar-2b603dadba981a17a0a7199ca79f35ee	0	POS002801	1
bar-97f8a58e48e88b03d6a93638ee27fad6	0	POS002802	1
bar-09b6986348b2304bbc2f9ad3d3be284a	0	POS002803	1
bar-978f8bceed3f12f0a95df0691b94f045	0	POS002804	1
bar-762722c435cbc4fd958f45ba659f3b5a	0	POS002805	1
bar-8cfd992a0b0797d458266e5c6bb07a51	0	POS002806	1
bar-ece4dcf28b3e7e6a5f6af0560a933082	0	POS002807	1
bar-7c5dc410ab693e641aa45884eae8f12d	0	POS002808	1
bar-1fe83538b32c486405d65fab307d116c	0	POS002809	1
bar-5e9f514d2868548358efe94bfac2405e	0	POS002810	1
bar-ecc787e60c2138e65833d3330cb59644	0	POS002811	1
bar-e5b99286bb9098d38d97c31bb5c4f80b	0	POS002812	1
bar-1a4e17ad5e119c0e4050d90c8c5b5b10	0	POS002813	1
bar-8795655e73ae901d51e2a352f3ebd941	0	POS002814	1
bar-01f8db66775cb212683d8faeaa8e67c7	0	POS002815	1
bar-f025d84da5872e3dcb378e5c9ce1b5b5	0	POS002816	1
bar-ff3260948d11251b5725ccf79fbb2b9e	0	POS002817	1
bar-03f3a7fc5c80cb0df97e2639767627c3	0	POS002818	1
bar-15019ecb6f6c3779c34d7f292552388d	0	POS002819	1
bar-966d3335867804af3cec2cb526a49a7f	0	POS002820	1
bar-d48dedd3d4fd276b10ae4124881bcb9a	0	POS002821	1
bar-50f1ca600c33d4a4efd42872e69933aa	0	POS002822	1
bar-212260f894cf78fef72be6f1561ffffd	0	POS002823	1
bar-0575b061025943fa305c287a2dd5bf84	0	POS002824	1
bar-67282f52597bcf130dd28a899fa52633	0	POS002825	1
bar-b99c03e3105e4a1c6b5becb79d0986e8	0	POS002826	1
bar-8da80e1ee218a459536b74694f0b8ba8	0	POS002827	1
bar-f7f0cc00fdb89486061e9eba191a7966	0	POS002828	1
bar-4ef62c888c93d3a946a7e02c07a33d53	0	POS002829	1
bar-2bbff2cde3d77180aef9138ac0f83736	0	POS002830	1
bar-2f5d700bcfb310fa997d53eb8a64daf1	0	POS002831	1
bar-583c6ede4bed923f763c0323e5a2b396	0	POS002832	1
bar-b242a4f3329d00e074afeb4fbf807688	0	POS002833	1
bar-11f2b5e331b5dcfcaefc193c4a81e737	0	POS002834	1
bar-14f3d51dac96f32fb67cab2db03b9076	0	POS002835	1
bar-e70b071aaa9a7ccafcb0f3da446ba72f	0	POS002836	1
bar-ed5bf5a9f81e683a556522896697425d	0	POS002837	1
bar-1f3340272e33092dd17a808ecc84a90f	0	POS002838	1
bar-8f793275c017628160384b9dbbaf7f8e	0	POS002839	1
bar-0856f7defefe9e8017fcfaeeb34d6210	0	POS002840	1
bar-b5058546bc7f65af5f11ce736c2b62a5	0	POS002841	1
bar-8db786eca299723c690bf6f0a22a5d27	0	POS002842	1
bar-0aadaa491103129ec578f43190140b1e	0	POS002843	1
bar-3e5842e9d1e975cb577a40013f029cc3	0	POS002844	1
bar-a77df0df0988aa21fb1dcf3dcbcb0594	0	POS002845	1
bar-ccc03e9f6735e988b6bd6bfd95e44ad8	0	POS002846	1
bar-4fdb218a68e8287819772cb3489984dd	0	POS002847	1
bar-574d447ed3d091e033d4788a488202c6	0	POS002848	1
bar-43cfb4ca02bce57b45f6fda1874bf1a6	0	POS002849	1
bar-067868bb26abf698b501010c18adebc0	0	POS002850	1
bar-da3bf9ed8d3b2c4723ab6d7a2e1e10a2	0	POS002851	1
bar-298db8b1bb38c40a4a1f3ea00c87fab0	0	POS002852	1
bar-aaad96a4bd26983c52673c97145170e2	0	POS002853	1
bar-9d53a16cc36784ec1109bc6eb788c4a1	0	POS002854	1
bar-87bc88af5d4b4087d241027882eb9e37	0	POS002855	1
bar-8aedddb60da80cf28331156d6c357bd4	0	POS002856	1
bar-6d8cd23c9d4fbc3fa0e2e59142f83456	0	POS002857	1
bar-12187e0c400ec1a55739afc422a0ed66	0	POS002858	1
bar-7371e7d34df56c88b55aa324a0b62b4e	0	POS002859	1
bar-e3bb588bb5e016fc81c937368a9b5c98	0	POS002860	1
bar-641b1d14347369ea9d7c91590860752b	0	POS002861	1
bar-7c581b8461c4a3b89e37dedfbfc543c2	0	POS002862	1
bar-80cc519ee97c1c14902b1bad2b7e3977	0	POS002863	1
bar-b76232583da1acc51f9c2ced23f8fae1	0	POS002864	1
bar-1b46c919f3efc2d6aa25aadb5487bced	0	POS002865	1
bar-5007ffb06ed95ac058da170116d8f659	0	POS002866	1
bar-45b9ba9cd10f1fa2e69da28e12320f25	0	POS002867	1
bar-d7482c82486a68c1bf6438343a651c9d	0	POS002868	1
bar-0de2903d8ab303a161630707e5a0d5fd	0	POS002869	1
bar-01e5f19d696f30a88b6dda663edd03b9	0	POS002870	1
bar-b253c2d613618e8f8f019471327d1158	0	POS002871	1
bar-71d369e72ef2a9b850f9581b3ca33113	0	POS002872	1
bar-c87f856bc63cf6f926157f017ab9733d	0	POS002873	1
bar-337774ea1590400193e9bd7b541c1539	0	POS002874	1
bar-fcde72c1f105a33303d414ccb120d137	0	POS002875	1
bar-39e5029d4c58bc7fdc079308a11e7366	0	POS002876	1
bar-70c9cd29f95d9aa5e397b52a8c9b3efd	0	POS002877	1
bar-04dc6872b320b2475c66939b19cd0fab	0	POS002878	1
bar-858de49f4a40a81ccf2cb02af4aaf8f1	0	POS002879	1
bar-c0702ba728c2042e65dee75fb8a5f934	0	POS002880	1
bar-5801558f032271ea74f6fa6e6f1f1fcc	0	POS002881	1
bar-77e953a3d101ab2a1b0c2ef5ae79e283	0	POS002882	1
bar-d1c288578d59e3dbc140e37ff0611907	0	POS002883	1
bar-24d5bc89a01f12e73b725a8a025cd2b3	0	POS002884	1
bar-742ec5503839c817be2806bc18b4a7ff	0	POS002885	1
bar-30e6a268668f279e87578b35fcfa046d	0	POS002886	1
bar-4e3d48ae1d8da09e2ea7271ba3161ab4	0	POS002887	1
bar-0b34904d4fc3c0e3c51cd6f59d100768	0	POS002888	1
bar-98bd3f39d9d91f1e74ea2f0eb57bd03e	0	POS002889	1
bar-138792d635855810ba0e6f447d0a4ebb	0	POS002890	1
bar-170ab4dacb2d3db7deae9343a17e1a37	0	POS002891	1
bar-b98ea51e44c4caddbab419e9ab5a2d53	0	POS002892	1
bar-c1cc356cae44cf7f9b614a0378d053fc	0	POS002893	1
bar-c0e90aabb545ac17e1fe772555a6bbbf	0	POS002894	1
bar-c89c41fee61f72858faeb491422ac56f	0	POS002895	1
bar-e63255c1da53e1d07621c5d96bb43b4e	0	POS002896	1
bar-37333450ea2630b92810b63bdbab3ba0	0	POS002897	1
bar-83459b2a8b9055043329f3dd437a5a32	0	POS002898	1
bar-06057c2572caa9494f7f027a8a6ac439	0	POS002899	1
bar-3433c6aecd6fefa6f349a4581e531935	0	POS002900	1
bar-d5f29c876791d85387643078b4ad8203	0	POS002901	1
bar-d0976a9edbce83b22d9fff9858e3b6c6	0	POS002902	1
bar-c6d560bcf58b38e713cb9bfebf979368	0	POS002903	1
bar-f881fecd7a99a7fe6b2328529a5637e6	0	POS002904	1
bar-180a8e362f1bbba99b9b05f54a89d983	0	POS002905	1
bar-acd089b20bdd5b9e5889ebca14fa9e41	0	POS002906	1
bar-68f015a9f41671f5f4764549c87c223e	0	POS002907	1
bar-e11f2948331a358a70b1404bb5de4270	0	POS002908	1
bar-73eaae8ff033f389b009100f65010be4	0	POS002909	1
bar-9460ccc7d9c519f195f00a2e3d605e44	0	POS002910	1
bar-60020e5f7eee03357a3c4317ebc2b26f	0	POS002911	1
bar-f391181968a452490ae9bfbcf64ebe3b	0	POS002912	1
bar-43357f4d1b0321b0594097934c04ab05	0	POS002913	1
bar-6d73868b515b87185dec2fca31dd4067	0	POS002914	1
bar-edff13132ac97912ef205264a5a44e63	0	POS002915	1
bar-abd8ae644a7115a458990cd93dc942f1	0	POS002916	1
bar-b0336d5ad44aa122e8fc7199793ed21b	0	POS002917	1
bar-408987eaedd7e378302814409203918c	0	POS002918	1
bar-f8baccb096106499ff3c0a99e8fe49ee	0	POS002919	1
bar-67a83abc188a5f3ac18c34ffeaa7aaa5	0	POS002920	1
bar-ddc154ee672ab99c9889653e40c35b34	0	POS002921	1
bar-bf6e143e62c27367778f99d6590e3a2a	0	POS002922	1
bar-aec31bbcf4a7b45b955e4cb66dd7b94e	0	POS002923	1
bar-16d98db72d800aeaf76c49ec0f3ca2f9	0	POS002924	1
bar-401f3115951ebf611c3f882fae95b56d	0	POS002925	1
bar-f01682195a0a34f2ee212d5a162c29fb	0	POS002926	1
bar-98aa8e7950ac69406306dd0d4436a153	0	POS002927	1
bar-72c8e5021dcf2f1d2c113c45aace57ce	0	POS002928	1
bar-aa0cab49240b99c413c5e56902faf0dd	0	POS002929	1
bar-eb236de79676110c03fcbf96213e7221	0	POS002930	1
bar-10c421872cb1d5383af5f0a87cef0734	0	POS002931	1
bar-58a3a8cb2ef1cfa19ed1dcf2ff2d7ca9	0	POS002932	1
bar-a98c61336fdbaa0cae5e104e1500a4d7	0	POS002933	1
bar-eddaad0a85fe4ed55b435d75d6a67868	0	POS002934	1
bar-c8c55d45ac5800b66ae3bca37bb00e94	0	POS002935	1
bar-0aed263cab12bc42a0ddf453c48c5015	0	POS002936	1
bar-1e9c650c593b43c981d345370675b6bf	0	POS002937	1
bar-404c74c69956d599178eba6fc769e75e	0	POS002938	1
bar-a897b429a5bc0eefcb7a1f49d51573e4	0	POS002939	1
bar-f52fbead2fc34dc8b01629c631f090cb	0	POS002940	1
bar-f8e33722831e892d0b65d1452b1652d9	0	POS002941	1
bar-79c81d7fe7bbaca9cf2547435234fceb	0	POS002942	1
bar-475dfc41ecc7cbef3f46d4333699b0a4	0	POS002943	1
bar-63bcf075b9f86e055d129e213650066a	0	POS002944	1
bar-72dce069a703ec76011a2d16a57f1025	0	POS002945	1
bar-f52a1750b77675359f3e647342cc3e63	0	POS002946	1
bar-8ec14a1b42e6dc41cb52de806602cc2e	0	POS002947	1
bar-c8780b1ebdff40dade1ae5d0c6f75a41	0	POS002948	1
bar-03549da84189d8da73d53621d4c861d8	0	POS002949	1
bar-3d4bf5bd5a97ca7cb238db8b1b434f73	0	POS002950	1
bar-aaf349d8b0e59af111ce9c7ba4de57d8	0	POS002951	1
bar-1f5297990e56e19c003b23894426f624	0	POS002952	1
bar-05c7cdadf629edf4abf1c8dfa40a14d0	0	POS002953	1
bar-73989326631c8b2cb09be10e5802c8f5	0	POS002954	1
bar-7541688ea798e4bbe8e4e8c6bb054d4a	0	POS002955	1
bar-13ad628df82509b911f17a5594dea905	0	POS002956	1
bar-9d696c297a5d9fa8fe79fa6ed7bf600c	0	POS002957	1
bar-fa25ecae0ff639a6290c5197edf2019d	0	POS002958	1
bar-7f0c755bf54f93bd25dc022d235541d9	0	POS002959	1
bar-316cd6d6cc765fd22026cb9ea66e8dfc	0	POS002960	1
bar-194edcb8bb1a099d75015026d58bf466	0	POS002961	1
bar-2087f2243378d849d7e5602f1ff03590	0	POS002962	1
bar-9765dc6afcd5429e2edcce900b29bcc0	0	POS002963	1
bar-6a8acd492a32682145fe61728c37dfc6	0	POS002964	1
bar-a3125801fb1d3386055a73e62ce062c5	0	POS002965	1
bar-b1fbef0c75366ed83315bf1e29002b47	0	POS002966	1
bar-b467e30ed35ebbb941654156c56b18be	0	POS002967	1
bar-22892cb29843a7073acd5fcf7136d94a	0	POS002968	1
bar-a3269c9c639ec1021190d687897ddd84	0	POS002969	1
bar-ff18220dd6f212fb34b1beacb0b1b610	0	POS002970	1
bar-1828f89591218626949f24d8617a81f4	0	POS002971	1
bar-d2ff1f816336d83a322aa53f33459e69	0	POS002972	1
bar-b385c696c9ce33c5dd50e8007df4cee9	0	POS002973	1
bar-ec799349c749b3fc957e599463344002	0	POS002974	1
bar-3215c3c4372ad7d4a5ebedaf598a2956	0	POS002975	1
bar-98637e65a967e4534cb090d8ba4dd35f	0	POS002976	1
bar-22e55bef7a397dd02639661ff5d8eeea	0	POS002977	1
bar-5a78bb0b0f3ea2fb58ec574c10e6fcd7	0	POS002978	1
bar-52e30800a3438c035c07ca1f2d3af907	0	POS002979	1
bar-7acd81aa763e362779b9440d9081fffc	0	POS002980	1
bar-d0b66807e39ce8c03fdaef38f536a224	0	POS002981	1
bar-c6a0f634b74f434d927c0ce1981ce6e1	0	POS002982	1
bar-22a4c189938b4c8254d4f2089ff3e21e	0	POS002983	1
bar-3061872ff6bbf3d2bd3a21eec7c86296	0	POS002984	1
bar-05e14ca9b130e3ea23a0c5c9df951753	0	POS002985	1
bar-551522c8f0065ba3a1e9e7123f4e0e0b	0	POS002986	1
bar-b026e4f38a4f39bb686c9b3f5d4b4c3b	0	POS002987	1
bar-9da4533de5a6b4d3dc718b8deab9cdbc	0	POS002988	1
bar-87dd418176089a2bfdfd1cfa78906bc8	0	POS002989	1
bar-245b8d9e89c15aba05cb7732dae989d4	0	POS002990	1
bar-9c28b5ea37cfda3ec5c9a6921e97a341	0	POS002991	1
bar-598692070a1634789678621a8bfb4249	0	POS002992	1
bar-ed8383d1980a4f5573665903d5d4fa24	0	POS002993	1
bar-c06a16e06b69074fa0827f1d1b7f493d	0	POS002994	1
bar-220ca0f1c0dbf5de576dbfad8ac3257b	0	POS002995	1
bar-17bafc9127bbb79dd99c59e28c93be3d	0	POS002996	1
bar-3964bd88c83236b30e5f4e42d8a9f692	0	POS002997	1
bar-9c2149492c40dbe004c05a873a7b74d9	0	POS002998	1
bar-4f6926cbaf7cc89a5e5a38bc2f084758	0	POS002999	1
bar-178f126428f3fc8423393e1bb0fca386	0	POS003000	1
